nodc taksonomi;norsk navn;vitenskapelig navn;engelsk navn;maks fiskelengde;kond. min;kond. maks;lengdemål
01;VIRUS;VIRUS;VIRUSES;;;;
02;BAKTERIER;MONERA;BACTERIA;;;;
03;BLÅGRØNNALGER;CYANOPHYCOTA;BLUE-GREEN ALGAE;;;;
0399;;PLANTAE;;;;;
04;SILICOFLAGELLATER;CHRYSOPHYTA;GOLDEN-BROWN ALGAE;;;;
05;GULGRØNNALGER;XANTHOPHYTA;YELLOW-GREEN ALGAE;;;;
06;;HAPTOPHYTA;;32;;;
06030201;;PHAEOCYSTIS;;;;;
07;;BACILLARIOPHYTA;DIATOMS;;;;
08;GRØNNALGER;CHLOROPHYTA;GREEN ALGAE;;;;
0801;GRØNNALGER;CHLOROPHYCEAE;GREEN SEAWEEDS;;;;
0805;;ULOTRICHALES;;;;;
080503;;ULVACEAE;;;;;
08050303;TARMGRØNSKE;ENTEROMORPHA;;;;;
08050305;;ULVA;;;;;
0805030503;HAVSALAT;ULVA LACTUCA;SEA LETTUCE;;;;
0805030503;SJØSALAT;ULVA LACTUCA;SEA LETTUCE;;;;
0808;;CLADOPHORALES;;;;;
080801;;CLADOPHORACEAE;;;;;
08080101;;CHAETOMORPHA;;;;;
08080102;;CLADOPHORA;;;;;
0809;;CAULERPALES;;;;;
080903;;CODIACEAE;;;;;
08090301;;CODIUM;;;;;
0809030107;POLLPRYD;CODIUM TOMENTOSUM;;;;;
081601;;BRYOPSIDACEAE;;;;;
08160101;;BRYOPSIS;;;;;
09;;CHAROPHYTA;STONEWORTS;;;;
10;GRØNNFLAGELLATER;PRASINOPHYTA;GREEN FLAGELLATES;;;;
11;;EUGLENOPHYCOTA;EUGLENOIDS;;;;
12;;PYRROPHYCOPHYTA;DINOFLAGELLATES;;;;
13;;CHLOROMONADOPHYCEAE;;;;;
14;;CRYPTOPHYCOPHYTA;;;;;
15;BRUNALGER;PHAEOPHYCOPHYTA;BROWN ALGAE;;;;
1501;BRUNALGER;PHAEOPHYCEAE;BROWN SEAWEEDS;;;;
1501;TANG/TARE;PHAEOPHYCEAE;BROWN SEAWEEDS;;;;
1502;;ECTOCARPALES;;;;;
150201;;ECTOCARPACEAE;;;;;
15020103;;ECTOCARPUS;;;;;
1502010306;BRUNSLI;ECTOCARPUS CONFERVOIDES;;;;;
1508;;LAMINARIALES;KELPS ETC;;;;
150801;;CHORDACEAE;;;;;
15080101;;CHORDA;;;;;
1508010101;MARTAUM;CHORDA FILUM;;;;;
150802;TARE;LAMINARIACEAE;KELPS ETC;;;;
15080201;;LAMINARIA;KELP;;;;
1508020104;SUKKERTARE;LAMINARIA SACCHARINA;SUGAR KELP;;;;
1508020110;FINGERTARE;LAMINARIA DIGITATA;OARWEED;;;;
1508020111;STORTARERE;LAMINARIA HYPERBOREA;;;;;
150804;;ALARIACEAE;;;;;
15080401;;ALARIA;;;;;
1508040110;BUTARE;ALARIA ESCULENTA;;;;;
1510;TANG;FUCALES;WRACKS;;;;
151001;TANGFAMILIEN;FUCACEAE;;;;;
15100101;;ASCOPHYLLUM;;;;;
1510010101;GRISETANG;ASCOPHYLLUM NODOSUM;KNOTTED WRACK;;;;
15100102;;FUCUS;WRACKS;;;;
1510010201;BLÆRETANG;FUCUS VESICULOSUS;BLADDER WRACK;;;;
1510010203;KAURTANG;FUCUS SPIRALIS;FLAT WRACK;;;;
1510010205;SAGTANG;FUCUS SERRATUS;TOOTHED WRACK;;;;
1510010206;;FUCUS CERANOIDES;HORNED WRACK;;;;
15100103;;PELVETIA;;;;;
1510010302;SAUETANG;PELVETIA CANALICULATA;CHANNELED WRACK;;;;
151002;;HIMANTHALIACEAE;;;;;
15100201;;HIMANTHALIA;;;;;
1510020101;REIMTANG;HIMANTHALIA ELONGATA;;;;;
16;RØDALGER;RHODOPHYCOTA;RED ALGAE;;;;
1601;RØDALGER;RHODOPHYCEAE;RED SEAWEEDS;;;;
1605;;BANGIALES;;;;;
160502;;BANGIACEAE;;;;;
16050202;;PORPHYRA;;;;;
1605020203;FJÆREHINNE;PORPHYRA UMBILICALIS;;;;;
1606;;FLORIDEOPHYCIDEAE;;;;;
1607;;NEMALIALES;;;;;
160707;;GELIDIACEAE;;;;;
16070701;;GELIDIUM;;;;;
1608;;GIGARTINALES;;;;;
160810;;GIGARTINACEAE;;;;;
16081001;;CHONDRUS;;;;;
1608100101;KRUSFLIK;CHONDRUS CRISPUS;IRISH MOSS;;;;
16081002;;GIGARTINA;;;;;
1608100206;VORTEFLIK;GIGARTINA STELLATA;;;;;
160813;;FURCELLARIACEAE;;;;;
16081301;;FURCELLARIA;;;;;
1608130101;SVARTKLUFT;FURCELLARIA FASTIGIATA;;;;;
1609;;CRYPTONEMIALES;;;;;
160907;;CORALLINACEAE;;;;;
16090707;;LITHOTHAMNIUM;;;;;
1610;;RHODYMENIALES;;;;;
161002;;RHODYMENIACEAE;;;;;
16100202;;RHODYMENIA;DULSE;;;;
16100207;;PALMARIA;DULSE;;;;
1610020702;SØL;PALMARIA PALMATA;SHEEP-WEED;;;;
1610020702;SØL;RHODYMENIA PALMATA;SHEEP-WEED;;;;
1611;;CERAMIALES;;;;;
161101;;CERAMIACEAE;;;;;
16110104;;CERAMIUM;;;;;
1611010404;REKEKLO;CERAMIUM RUBRUM;;;;;
16110115;;PLUMARIA;;;;;
17;;CRASPEDOPHYTA;;;;;
18;MIKROFLAGELLATER;MICROFLAGELLATES AND INCE;MICROFLAGELLATES;;;;
19;SOPPER;MYXOMYCOTA;FUNGI;;;;
20;ALGELIGNENDE SOPPER;PHYCOMYCOTA;ALGAE-LIKE FUNGI;;;;
21;;ASCOMYCOTINA;;;;;
22;PORESOPPER;BASIDIOMYCOTINA;PORE FUNGI;;;;
23;LAVER;DEUTEROMYCOTINA;LICHENS;;;;
25;MOSER;BRYOPHYTA;MOSSES;;;;
2525;;HEPATICOPSIDA;LIVERWORTS;;;;
2601;;PSILOTOPHYTA;;;;;
27;SIV;ARTHROPHYTA;SCOURING RUSHES;;;;
28;BREGNER;PTEROPHYTA;FERNS;;;;
2901;;CYCADOPHYTA;CYCADS;;;;
30;;CONIFEROPHYTA;GYMNOSPERMS;;;;
31;;GNETOPHYTA;;;;;
32;;MAGNOLIOPHYTA;FLOWERING PLANTS;;;;
33050106;SJØGRESS;HALOPHILA;SEAGRASS;;;;
3399;;ANIMALIA;FLOWERING PLANTS;;;;
34;ENCELLETE DYR;PROTOZOA;;;;;
3401;;SARCOMASTIGOPHORA;;;;;
3438;AMØBEDYR;SARCODINA;;;;;
3439;;RHIZOPODA;;;;;
3446;;GRANULORETICULOSEA;;;;;
3448;FORAMINIFERER;FORAMINIFERIDA;FORAMS;;;;
3450;;TEXTULARIINA;;;;;
345003;;ASTRORHIZINAE;;;;;
34500301;;RHABDAMMINA;;;;;
3450030101;;RHABDAMMINA ABYSSORUM;;;;;
345005;;HIPPOCREPININAE;;;;;
34500502;;HYPERAMMINA;;;;;
3450050204;;HYPERAMMINA ADUNCA;;;;;
3450050210;;HYPERAMMINA SUBNODOSA;;;;;
3450300801;;ALVEOLOPHRAGNIUM ORBICULA;;;;;
3453;;ROTALIINA;;;;;
345401;;GLOBIGERINOIDEA;;;;;
345420;;GLOBIGERINIDAE;;;;;
345421;;GLOBIGERININAE;;;;;
34542101;;GLOBIGERINA;;;;;
3454300135;;ELPHIDIUM CRISPUM;;;;;
36;SVAMPER;PORIFERA;SPONGES;;;;
3601;KALKSVAMPER;CALCAREA;CALCAREOUS SPONGES;;;;
3606;;CALCARONEA;;;;;
3607;;LEUCOSOLENIIDA;;;;;
360701;;LEUCOSOLENIIDAE;;;;;
36070101;;LEUCOSOLENIA;;;;;
3608;;SYCETTIDA;;;;;
360803;;GRANTIIDAE;;;;;
36080301;;GRANTIA;;;;;
3608030104;;GRANTIA COMPRESSA;PURSE SPONGE;;;;
3630;GLASSVAMPER;HYALOSPONGIA;GLASS SPONGES;;;;
3660;HORN- OG KISELSVAMPER;DEMOSPONGIAE;;;;;
3665;;HALICHONDRIDA;;;;;
366502;;HALICHONDRIIDAE;;;;;
36650202;;HALICHONDRIA;;;;;
3665020202;BRØDSVAMP;HALICHONDRIA PANICEA;BREADCRUMB SPONGE;;;;
3666;;HADROMERIDA;;;;;
366603;;SUBERITIDAE;;;;;
36660303;;SUBERITES;;;;;
3666030303;;SUBERITES DOMUNCULA;SEA ORANGE;;;;
3667;;EPIPOLASIDA;;;;;
366703;;PORIFERA;;;;;
366703;;TETHYIDAE;;;;;
36670301;;TETHYA;;;;;
3667030104;;TETHYA AURANTIA;;;;;
3667030105;APPELSINSVAMP;TETHYA NORVEGICA;;;;;
3668;;CHORISTIDA;;;;;
366803;;GEODIIDAE;;;;;
36680301;;GEODIA;;;;;
37;NESLEDYR;CNIDARIA;CNIDARIANS;;;;
3701;HYDROIDER OG SMÅMANETER;HYDROZOA;HYDROZOANS;;;;
3702;HYDROIDER;HYDROIDA;HYDROZOANS;;;;
3702;MANETER;HYDROIDA;MEDUSAE;;;;
3703;;ANTHOMEDUSAE;;;;;
370301;;BOUGAINVILLIIDAE;;;;;
37030107;;BOUGAINVILLIA;;;;;
3703010720;;BOUGAINVILLIA RAMOSA;;;;;
370303;;TUBULARIIDAE;;;;;
37030302;;TUBULARIA;;;;;
3703030203;;TUBULARIA CRASSA;;;;;
3703030206;;TUBULARIA CROCEA;;;;;
370306;;CORYNIDAE;;;;;
37030601;;CORYNE;;;;;
3703060102;;CORYNE PUSILLA;;;;;
37030609;;SARSIA;;;;;
3703060914;;SARSIA PRINCEPS;;;;;
370308;;EUDENDRIIDAE;;;;;
3703080104;;EUDENDRIUM RAMOSUM;;;;;
3703120401;;CATABLEMA VESICARIUM;;;;;
3704;;LEPTOMEDUSAE;;;;;
370401;;CAMPANULARIIDAE;;;;;
37040102;;OBELIA;;;;;
3704040301;;TIAROPSIS MULTICIRRATA;;;;;
370405;;SERTULARIIDAE;;;;;
3704050101;;THYROSCYPHOIDES BIFORMIS;;;;;
3704050316;;SERTULARIA CUPRESSINA;WHITE WEED;;;;
3704050507;;THUIARIA THUJA;;;;;
3704090901;PTYKOGENA;PTYCHOGENA LACTEA;;;;;
3710;;TRACHYLINA;;;;;
3711;;TRACHYMEDUSAE;;;;;
371104;;RHOPALONEMATIDAE;;;;;
3711040201;;AMPHOGONA APICATA;;;;;
3711041101;;AGLANTHA DIGITALIS;;;;;
37120104;;AEGINOPSIS;;;;;
3715;KOLONIMANETER;SIPHONOPHORA;;;;;
3717;;PHYSOPHORAE;;;;;
371702;;PHYSOPHORIDAE;;;;;
3717020101;;PHYSOPHORA HYDROSTATICA;;;;;
3730;STORMANETER;SCYPHOZOA;;;;;A
37330601;PERIFYLLA;PERIPHYLLA;;;0.90;26.00;A
37340201;;CYANEA;;;;;
3734020101;BRENNMANET;CYANEA CAPILLATA;;;;;
3734020104;;CYANEA LAMARCKI;;;;;
37340302;;AURELIA;;;;;
3734030201;GLASSMANET;AURELIA AURITA;;;;;
3734030201;VANNMANET;AURELIA AURITA;;;;;
3740;KORALLDYR;ANTHOZOA;CORALS;;;;
3741;;CERIANTIPATHARIA;;;;;
3743;ORMKORALLER;CERIANTHARIA;;;;;
3743010103;;CERIANTHUS LLOYDII;;;;;
3744;ÅTTEARMETE KORALLDYR;OCTOCORALLIA;;;;;
3747;LÆRKORALLER;ALCYONACEA;;;;;
374701;;XENIIDAE;;;;;
374702;DØDNINGHENDER;ALCYONIIDAE;;;;;
3747020101;DØDNINGHÅND;ALCYONIUM DIGITATUM;DEAD-MENS FINGER;;;;
374703;;ASTROSPICULARIIDAE;;;;;
374704;BLOMKÅLKORALLER;NEPHTHEIDAE;;;;;
374705;;SIPHONOGORGIIDAE;;;;;
3751030304;SJØBUSKER;PARAMURICEA PLACOMUS;;;;;
3752;SJØFJÆR;PENNATULACEA;;;;;
3753;;SESSILIFLORAE;;;;;
375306;;FUNICULINIDAE;;;;;
3753060101;;FUNICULINA QUADRIANGULARI;;;;;
3754;;SUBSELLIFLORAE;;;;;
375401;;VIRGULARIIDAE;;;;;
3754010202;;VIRGULARIA MIRABILIS;;;;;
375402;;PENNATULIDAE;;;;;
3754020102;VANLIG SJØFJÆR;PENNATULA PHOSPHOREA;;;;;
3755;;ZOANTHARIA;;;;;
3756;;ZOANTHIDEA;;;;;
375602;;EPIZOANTHIDAE;;;;;
3756020104;;EPIZOANTHUS ENCRUSTANS;;;;;
3758;SJØANEMONER;ACTINIARIA;;;;;
3758;SJØROSER;ACTINIARIA;;;;;
3759010105;;EDWARDSIA FINMARCHIA;;;;;
3760;;THENARIA;;;;;
376001;SJØROSER;ACTINIIDAE;;;;;
3760010403;FJÆRESJØROSE;TEALIA FELINA;DAHLIA ANEMONE;;;;
3760010701;MUDDERBUNNSJØROSE;BOLOCERA TUEDIAE;;;;;
3760011008;SVABERGROSE;ACTINIA EQUINA;;;;;
376004;;HORMATHIIDAE;;;;;
37600402;;HORMATHIA;;;;;
3760040201;;HORMATHIA DIGITATA;;;;;
3760040301;EREMITTKREPSSJØROSE;ADAMSIA PALLIATA;;;;;
3760040403;;ACTINAUGE RICHARDI;;;;;
376005;;SAGARTIDAE;;;;;
376006;SJØNELLIKER;METRIDIIDAE;;;;;
3760060101;SJØNELLIK;METRIDIUM SENILE;PLUMOSE ANEMONE;;;;
376008;;DIADUMENIDAE;;;;;
376010;;HALIPLANELLIDAE;;;;;
376012;;AIPTASIIDAE;;;;;
3764;;SCLERACTINIA;;;;;
3767;;FAVIINA;;;;;
376703;;OCULINIDAE;;;;;
3768;;CARYOPHYLLIINA;;;;;
376801;;CARYOPHYLLIIDAE;;;;;
37680112;;NORMICHTHYS;;;;;
3768010102;;CARYOPHYLLIA SMITHI;DEVONSHIRE CUP-CORAL;;;;
37680145;STEINKORALLER;LOPHELIA;;;;;
3768014501;;LOPHELIA PERTUSA;;;;;
38;RIBBEMANETER;CTENOPHORA;COMB JELLIES;;;;
3801;RIBBEMANETER M/TENTAKLER;TENTACULATA;;;;;
3802;;CYDIPPIDA;;;;;
380201;SJØSTIKKELSBÆR;PLEUROBRACHIIDAE;SEA GOOSEBERRIES;;;;
3802010101;SJØSTIKKELSBÆR;PLEUROBRACHIA PILEUS;SEA GOOSEBERRY;;;;
3802010201;;BEROE CUCUMIS;;;;;
380202;;MERTENSIIDAE;;;;;
3803;;LOBATA;;;;;
380301;;BOLINOPSIDAE;;;;;
38030101;;BOLINOPSIS;;;;;
3803010101;;BOLINOPSIS INFUNDIBULUM;;;;;
3806;RIBBEMANETER U/TENTAKLER;NUDA;;;;;
3807;;BEROIDA;;;;;
380701;;BEROIDAE;;;;;
38070101;;BEROE;;;;;J
39;FLATORMER;PLATYHELMINTHES;FLATWORMS;;;;
3901;FLIMMERORMER;TURBELLARIA;;;;;
3930;IKTER;TREMATODA;;;;;
3960;BENDELORM;CESTODA;;;;;
40;;GNATHOSTOMULIDA;;;;;
41;;ORTHONECTIDA;;;;;
42;;DICYEMIDA;;;;;
43;SLIMORMER;NEMERTEA;RIBBON WORMS;;;;
4301;;ANOPLA;;;;;
4302;;PALEONEMERTEA;;;;;
430201;;TUBULANIDAE;;;;;
4302010107;;TUBULANUS ANNULATUS;RIBBON WORM;;;;
430202;;CARINOMIDAE;;;;;
430203;;CEPHALOTHRICIDAE;;;;;
4302030301;;CEPHALOTHRIX RUFIFRONS;RIBBON WORM;;;;
4303;;HETERONEMERTEA;;;;;
430302;;LINEIDAE;;;;;
4303020212;;CEREBRATULUS FUSCUS;RIBBON WORM;;;;
4303020402;;LINEUS RUBER;RED RIBBON WORM;;;;
4304;;ENOPLA;;;;;
4305;;HOPLONEMERTEA;;;;;
4306;;MONOSTYLIFERA;;;;;
430605;;AMPHIPORIDAE;;;;;
4306050120;;AMPHIPORUS LACTIFLOREUS;RIBBON WORM;;;;
430606;;TETRASTEMMATIDAE;;;;;
4306060214;;TETRASTEMMA MELANOCEPHALU;RIBBON WORM;;;;
4307;;POLYSTYLIFERA;;;;;
430701;;DREPANOPHORIDAE;;;;;
4307010103;;DREPANOPHORUS SPECTABILIS;FLAT RIBBON WORM;;;;
430702;PLANKTON;PLANKTONEMERTIDAE;;;;;
44;;GASTROTRICHA;;;;;
45;HJULDYR;ROTIFERA;ROTIFERS;;;;
46;RUNDORMER;KINORHYNCHA;ROUND WORMS;;;;
47;RUNDORMER;NEMATODA;ROUND WORMS;;;;
48;;NEMATOMORPHA;;;;;
49;;ACANTHOCEPHALA;SPINY-HEADED WORMS;;;;
50;LEDDORMER;ANNELIDA;SEGMENTED WORMS;;;;
5001;BØRSTEORMER;POLYCHAETA;BRISTLE WORMS;;;;
500101;SKJELLRYGGER;APHRODITIDAE;;;;;
5001010105;GULLMUS;APHRODITA ACULEATA;SEA MOUSE;;;;
5001010204;;LAETMONICE HYSTRIX;;;;;
500102;SKJELLRYGGER;POLYNOIDAE;;;;;
5001020503;;EUNOE NODOSA;;;;;
50010208;;HARMOTHOE;;;;;
5001020806;;HARMOTHOE IMBRICATA;;;;;
5001020807;;HARMOTHOE IMPAR;;;;;
5001021108;;LEPIDONOTUS CLAVA;;;;;
5001021506;;POLYNOE SCOLOPENDRINA;;;;;
500106;;SIGALIONIDAE;;;;;
500106;;SIGALIONIDAE;;;;;
5001060202;;NEOLEANIRA TETRAGONA;;;;;
5001060303;;STHENELAIS LIMICOLA;;;;;
500110;;AMPHINOMIDAE;;;;;
5001100401;;PARAMPHINOME JEFFREYSII;;;;;
50011202;;ETEONE;;;;;
500113;;PHYLLODOCIDAE;;;;;
50011301;;ANAITIDES;;;;;
5001130106;;ANAITIDES MACULATA;;;;;
5001130205;;ETEONE LONGA;;;;;
5001131002;;NEREIPHYLLA PARETTI;;;;;
50011311;;EUMIDA;;;;;
50011314;;PHYLLODOCE;;;;;
5001131408;;PHYLLODOCE LAMELLIGERA;;;;;
500120;;TOMOPTERIDAE;;;;;
5001200105;;TOMOPTERIS HELGOLANDICA;;;;;
500121;;HESIONIDAE;;;;;
500123;;SYLLIDAE;;;;;
5001230115;;AUTOLYTUS PICTUS;;;;;
50012303;;SYLLIS;;;;;
5001230512;;TYPOSYLLIS VARIEGATA;;;;;
500124;;NEREIDAE;;;;;
5001240302;;NEANTHES VIRENS;KING RAGWORM;;;;
5001240306;;NEANTHES FUCATA;;;;;
50012404;;NEREIS;RAGWORMS;;;;
5001240403;;NEREIS PELAGICA;RAGWORM;;;;
5001240411;;NEREIS DIVERSICOLOR;RAG WORM;;;;
5001240601;;CERATOCEPHALE LOVENI;;;;;
5001241401;;PERINEREIS CULTRIFERA;RAGWORM;;;;
500125;;NEPHTYIDAE;;;;;
50012501;;NEPHTYS;;;;;
5001250103;;NEPHTYS CAECA;;;;;
5001250112;;NEPHTYS HOMBERGII;;;;;
500127;KØLLEORMER;GLYCERIDAE;;;;;
50012701;;GLYCERA;;;;;
5001270110;;GLYCERA CONVOLUTA;;;;;
5001270111;;GLYCERA ALBA;;;;;
500128;;GONIADIDAE;;;;;
5001280202;;GONIADA MACULATA;;;;;
500129;;ONUPHIDAE;;;;;
5001290301;;NOTHRIA CONCHYLEGA;;;;;
5001290501;;HYALINOECIA TUBICOLA;;;;;
500130;;EUNICIDAE;;;;;
5001300115;;EUNICE HARASSII;;;;;
500131;;LUMBRINERIDAE;;;;;
50013101;;LUMBRINERIS;;;;;
5001310102;;LUMBRINERIS FRAGILIS;;;;;
5001310104;;LUMBRINERIS LATREILLI;;;;;
5001310138;;LUMBRINERIS GRACILIS;;;;;
500133;;ARABELLIDAE;;;;;
5001330101;;DRILONEREIS FILUM;;;;;
500140;;ORBINIIDAE;;;;;
5001400301;;SCOLOPLOS ARMIGER;;;;;
50014004;;PHYLO;;;;;
5001400405;;PHYLO NORVEGICUS;;;;;
5001400507;;ORBINIA LATREILLII;;;;;
500141;;PARAONIDAE;;;;;
5001410801;;TAUBERIA GRACILIS;;;;;
500143;;SPIONIDAE;;;;;
50014302;;LAONICE;;;;;
5001430405;BOREMARK;POLYDORA CILIATA;;;;;
5001433701;;AUROSPIRA DIBRANCHIATA;;;;;
500144;;MAGELONIDAE;;;;;
5001440108;;MAGELONA PAPILLICORNIS;;;;;
500145;;TROCHOCHAETIDAE;;;;;
5001450203;;TROCHOCHAETA MULTISETOSA;;;;;
500149;;CHAETOPTERIDAE;;;;;
5001490101;;CHAETOPTERUS VARIOPEDATUS;;;;;
5001490301;;SPIOCHAETOPTERUS TYPICUS;;;;;
500150;;CIRRATULIDAE;;;;;
5001500101;;CIRRATULUS CIRRATUS;;;;;
50015003;;THARYX;;;;;
5001500307;;THARYX MARIONI;;;;;
500154;;FLABELLIGERIDAE;;;;;
50015401;;BRADA;;;;;
5001540102;;BRADA VILLOSA;;;;;
5001540107;;BRADA INCRUSTATA;;;;;
5001540202;;FLABELLIGERA AFFINIS;;;;;
50015403;;PHERUSA;;;;;
5001540302;;PHERUSA PLUMOSA;;;;;
5001540403;;DIPLOCIRRUS GLAUCUS;;;;;
500157;;SCALIBREGMIDAE;;;;;
5001570101;;SCALIBREGMA INFLATUM;;;;;
5001570101;;SCALIBREGMA INFLATUM;;;;;
5001570401;;POLYPHYSIA CRASSA;;;;;
5001570501;;PSEUDOSCALIBREGMA PARVA;;;;;
500158;;OPHELIIDAE;;;;;
50015803;;OPHELIA;;;;;
5001580303;;OPHELIA BICORNIS;;;;;
5001580402;;TRAVISIA FORBESII;;;;;
50015806;;AMMOTRYPANE;;;;;
50015806;;AMMOTRYPANE;;;;;
50015806;;OPHELINA;;;;;
5001580605;;OPHELINA CYLINDRICAUDATA;;;;;
5001580607;;OPHELINA ACUMINATA;;;;;
5001580612;;OPHELINA NORVEGICA;;;;;
500159;;STERNASPIDAE;;;;;
5001590101;;STERNASPIS SCUTATA;;;;;
500160;;CAPITELLIDAE;;;;;
5001600101;;CAPITELLA CAPITATA;;;;;
5001600101;;CAPITELLA CAPITATA;;;;;
50016002;;HETEROMASTUS;;;;;
5001600201;;HETEROMASTUS FILIFORMIS;;;;;
500162;FJÆREMARKER;ARENICOLIDAE;;;;;
5001620204;FJÆREMARK;ARENICOLA MARINA;LUG-WORM;;;;
500163;;MALDANIDAE;;;;;
5001630301;;MALDANE SARSI;;;;;
5001630501;;NICOMACHE LUMBRICALIS;;;;;
5001631002;;RHODINE GRACILIOR;;;;;
500164;;OWENIIDAE;;;;;
5001640102;;OWENIA FUSIFORMIS;;;;;
5001640402;;GALATHOWENIA OCULATA;;;;;
500165;;SABELLARIIDAE;;;;;
5001650206;;SABELLARIA ALVEOLATA;;;;;
500166;;PECTINARIIDAE;;;;;
50016603;;PECTINARIA;;;;;
5001660305;;PECTINARIA KORENI;;;;;
500167;;AMPHARETIDAE;;;;;
5001670201;;AMPHARETE ARCTICA;;;;;
5001670303;;AMPHICTEIS GUNNERI;;;;;
5001670501;;MELINNA CRISTATA;;;;;
500168;;TEREBELLIDAE;;;;;
5001680104;;AMPHITRITE JOHNSTONI;;;;;
5001681003;;THELEPUS CINCINNATUS;;;;;
5001682701;;LANICE CONCHILEGA;SAND MASON;;;;
5001682901;;AMPHITRITIDES GRACILIS;;;;;
500169;;TRICHOBRANCHIDAE;;;;;
50016901;;TEREBELLIDES;;;;;
500170;PÅFUGLMARKER;SABELLIDAE;PEACOCK WORMS;;;;
500173;;SERPULIDAE;;;;;
5001730401;;SERPULA VERMICULARIS;;;;;
5001731001;FILIGRANORM;FILOGRANA IMPLEXA;;;;;
5001731101;;PROTULA TUBULARIA;;;;;
5001731502;TREKANTMARK;POMATOCEROS TRIQUETER;;;;;
5001732301;;DITRUPA ARIETINA;;;;;
5001732701;;FICOPOMATUS ENIGMATICUS;;;;;
500202;;PROTODRILIDAE;;;;;
5012;;HIRUDINEA;;;;;
5085;BLØTDYR;MOLLUSCA;MOLUSCS;;;;
51;SNEGLER;GASTROPODA;;;;;
5101;KRYSSNERVETE SNEGLER;STREPTONEURA;;;;;
5102;GAMMELSNEGLER;ARCHAEOGASTROPODA;;;;;
510203;;HALIOTIDAE;;;;;
51020301;;HALIOTIS;;;;;
5102030113;;HALIOTIS TUBERCULATA;;;;;
510204;NØKKELSNEGLER;FISSURELLIDAE;KEYHOLE LIMPETS;;;;
51020402;;PUNCTURELLA;;;;;
5102040404;HJELMSNEGL;DIODORA APERTURA;KEYHOLE LIMPET;;;;
510205;;ACMAEIDAE;;;;;
510206;ALBUESNEGLER;PATELLIDAE;LIMPETS;;;;
5102060101;;PATINA PELLUCIDA;BLUE-RAYED LIMPET;;;;
5102060202;VANLIG ALBUESKJELL;PATELLA VULGATA;COMMON LIMPET;;;;
5102060203;;PATELLA DEPRESSA;;;;;
5102060204;;PATELLA ASPREA;;;;;
5102060205;;PATELLA INTERMEDIA;;;;;
5102070201;;LEPETA CAECA;;;;;
510210;TOPPSNEGLER;TROCHIDAE;TOP SHELLS;;;;
5102100111;;CALLIOSTOMA ZIZYPHINUM;PAINTED TOP SHELL;;;;
5102100402;;SOLARIELLA OBSCURA;;;;;
5102100403;;SOLARIELLA VARICOSA;;;;;
51021008;;GIBBULA;TOP SHELL;;;;
5102100801;;GIBBULA CINERARIA;GREY TOP SHELL;;;;
5102100802;;GIBBULA MAGUS;TOP SHELL;;;;
5102100803;;GIBBULA UMBILICALIS;PURPLE TOP SHELL;;;;
5102100804;;GIBBULA TUMIDA;TOP SHELL;;;;
5102100806;;GIBBULA PENNANTI;TOP SHELL;;;;
5102101901;;CANTHARIDUS EXASPERATUS;TOP SHELL;;;;
5102101902;;CANTHARIDUS STRIATUS;GROOVED TOP SHELL;;;;
5102102001;;MONODONTA LINEATA;TOOTHED WINCKLE;;;;
510212;TURBANSNEGLER;TURBINIDAE;TURBAN SHELLS;;;;
5102140102;;TRICOLIA PULLUS;PHEASANT SHELL;;;;
5102250403;;TECTURA VIRGINEA;WHITE TORTOISESHELL;;;;
5103;MELLOMSNEGLER;MESOGASTROPODA;;;;;
510309;;LACUNIDAE;;;;;
5103090303;;LACUNA CRASSIOR;;;;;
5103090305;;LACUNA VINCTA;BANDED CHINK SHELL;;;;
5103090306;;LACUNA PALLIDULA;;;;;
5103090309;;LACUNA PARVA;;;;;
510310;STRANDSNEGLER;LITTORINIDAE;PERIWINKLES;;;;
51031001;;LITTORINA;PERIWINKLES;;;;
5103100105;;LITTORINA SAXATILIS;ROUGH WINKLE;;;;
5103100108;STOR STRANDSNEGL;LITTORINA LITTOREA;EDIBLE WINKLE;;;;
5103100109;;LITTORINA OBTUSATA;FLAT WINKLE;;;;
5103100122;;LITTORINA NERITOIDES;SMALL PERIWINKLE;;;;
510313;SMÅSNEGLER;HYDROBIIDAE;;;;;
5103130104;DYNNSNEGL;HYDROBIA ULVAE;LAVER SPIRE SHELL;;;;
510314;SMÅSNEGLER;TRUNCATELLIDAE;;;;;
5103140202;;TRUNCATELLA SUBCYLINDRICA;;;;;
510320;SMÅSNEGLER;RISSOIDAE;;;;;
5103200158;;ALVANIA PUNCTURA;;;;;
5103200159;;ALVANIA LACTEA;;;;;
5103200319;;CINGULA CINGILLIS;;;;;
5103200320;;CINGULA SEMISTRIATA;;;;;
5103200321;;CINGULA PULCHERRIMA;;;;;
5103200322;;CINGULA SEMICOSTATA;;;;;
51032008;TANGSNEGLER;RISSOA;;;;;
5103200801;;RISSOA PARVA;;;;;
5103200811;;RISSOA INCONSPICUA;;;;;
5103200812;;RISSOA GUERINI;;;;;
5103200816;;RISSOA MEMBRANACEA;;;;;
510321;SMÅSNEGLER;ASSIMINEIDAE;;;;;
5103210102;;ASSIMINEA GRAYANA;;;;;
510323;SMÅSNEGLER;VITRINELLIDAE;;;;;
5103231531;;TORNUS GRAYANA;;;;;
510324;SMÅSNEGLER;SKENEOPSIDAE;;;;;
5103240102;;SKENEOPSIS PLANORBIS;;;;;
510325;;OMALOGYRIDAE;;;;;
5103250201;;AMMONICERA ROTA;;;;;
510327;SMÅSNEGLER;RISSOELLIDAE;;;;;
5103270101;;RISSOELLA DIAPHANA;;;;;
510328;;CINGULOPSIDAE;;;;;
5103280101;;CINGULOPSIS FULGIDA;;;;;
510333;TÅRN- OG SKRUESNEGLER;TURRITELLIDAE;TOWER SHELLS;;;;
5103330402;VANLIG TÅRNSNEGL;TURRITELLA COMMUNIS;TOWER SHELL;;;;
510336;;CAECIDAE;;;;;
5103360302;;CAECUM GLABRUM;;;;;
510346;HORNSNEGLER;CERITHIIDAE;CERITHS;;;;
5103460106;;BITTIUM RETICULATUM;NEEDLE SHELL;;;;
510350;VINDELTRAPPER;EPITONIIDAE;WENDLETRAPS;;;;
5103500121;VINDELTRAPP;EPITONIUM CLATHRUM;WENDLETRAP;;;;
5103500122;;EPITONIUM TURTONAE;;;;;
5103500123;;EPITONIUM CLATHRATULUM;;;;;
510352;;ACLIDIDAE;;;;;
5103520301;;GRAPHIS ALBIDA;;;;;
510353;;EULIMIDAE;;;;;
5103530602;;BALCIS ALBA;;;;;
510357;PELIKANFOTSNEGLER;APORRHAIDAE;PELICAN'S FEET;;;;
5103570102;PELIKANFOTSNEGL;APORRHAIS PESPELICANIS;PELICAN'S FOOT SHELL;;;;
5103570103;;APORRHAIS SERRESIANA;;;;;
510358;VINGESNEGLER;STROMBIDAE;;;;;
510362;;TRICHOTROPIDAE;;;;;
5103620203;;TRICHOTROPIS BOREALIS;;;;;
510363;;CAPULIDAE;;;;;
5103630101;UNGARNKAPPE;CAPULUS UNGARICUS;BONNET LIMPET;;;;
510364;BEGER- OG TØFFELSNEGLER;CALYPTRAEIDAE;CUP AND SLIPPER SHELLS;;;;
5103640103;;CALYPTRAEA CHINENSIS;CHINAMANS HAT LIMPET;;;;
5103640204;TØFFELSNEGL;CREPIDULA FORNICATA;SLIPPER LIMPET;;;;
510366;BLADSNEGLER;VELUTINIDAE;;;;;
5103660102;;LAMELLARIA PERSPICUA;;;;;
5103660104;;LAMELLARIA LATENS;;;;;
51036604;;VELUTINA;;;;;
5103660401;;VELUTINA VELUTINA;VELVET SHELL;;;;
510371;PORSELENSSNEGLER;CYPRAEIDAE;;;;;
510376;BORESNEGLER;NATICIDAE;MOON SNAILS;;;;
51037602;;NATICA;;;;;
5103760206;;NATICA ALDERI;;;;;
5103760212;;NATICA POLIANA;;;;;
51037604;;POLINICES;;;;;
5103760414;;POLINICES CATENA;;;;;
5103830203;;TRIVIA ARCTICA;EUROPEAN COWRIE;;;;
5103830204;;TRIVIA MONACHA;EUROPEAN COWRIE;;;;
5103860211;;BARLEEIA UNIFASCIATA;;;;;
5104;NYSNEGLER;NEOGASTROPODA;;;;;
5105;;STENOGLOSSA;;;;;
510501;PURPURSNEGLER;MURICIDAE;DYE SHELLS;;;;
5105010206;;OCENEBRA LURIDA;OYSTER DRILL;;;;
5105010207;;OCENEBRA ERINACEA;STING-WINKLE;;;;
5105010505;PURPURSNEGL;NUCELLA LAPILLUS;DOG WHELK;;;;
5105011101;;TROPHON MURICATUS;;;;;
510504;KONGESNEGLER;BUCCINIDAE;WHELKS;;;;
51050401;;BUCCINUM;;;;;
5105040145;KONGESNEGL;BUCCINUM UNDATUM;COMMON WHELK;;;;
5105041101;;CHAUVETEA BRUNNEA;;;;;
510505;KONGESNEGLER;NEPTUNEIDAE;;;;;
5105050331;;COLUS SABINII;;;;;
5105050333;;COLUS GRACILIS;;;;;
510505033402;;COLUS MARSHALLI;;;;;
51050508;NEPTUNSNEGLER;NEPTUNEA;;;;;
5105050812;HAVSNEGL;NEPTUNEA ANTIQUA;RED WHELK;;;;
5105050813;NEPTUNSNEGL;NEPTUNEA DESPECTA;;;;;
510508;SANDSNEGLER;NASSARIIDAE;;;;;
5105080109;;NASSARIUS INCRASSATUS;THICK-LIPPED DOGWHELK;;;;
5105080110;NETTSNEGL;NASSARIUS RETICULATUS;NETTED DOG WHELK;;;;
5105080112;;NASSARIUS PYGMAEUS;;;;;
5106;;TOXOGLOSSA;;;;;
510602;TURRIDSNEGLER;TURRIDAE;TURRIDS;;;;
5106020733;;LORA TURRICULA;;;;;
5107;PARALELLNERVETE SNEGLER;EUTHYNEURA;;;;;
5108;;ENTOMOTAENIATA;;;;;
510801;;PYRAMIDELLIDAE;;;;;
5108010142;;ODOSTOMIA PLICATA;;;;;
5108010143;;ODOSTOMIA UNIDENTATA;;;;;
5108010144;;ODOSTOMIA NIVOSA;;;;;
5108010145;;ODOSTOMIA TRUNCATULA;;;;;
5108010218;;TURBONILLA ELEGANTISSIMA;;;;;
5108010601;;BRANCHYOSTOMIA SCALARIS;;;;;
5108010602;;BRANCHYOSTOMIA ALBELLA;;;;;
5108010701;;EULIMELLA NITIDISSIMA;;;;;
5108010801;;CHRYSALLIDA OBTUSA;;;;;
5108010802;;CHRYSALLIDA DECUSSATA;;;;;
5108010803;;CHRYSALLIDA SPIRALIS;;;;;
5110;HODESKJOLDSNEGLER;CEPHALASPIDEA;BUBBLE SHELLS;;;;
511001;;ACTEONIDAE;;;;;
5110010103;;ACTEON TORNATILIS;;;;;
511004;;CYLICHNIDAE;;;;;
5110040203;;CYLICHNA ALBA;;;;;
51100403;;SCAPHANDER;;;;;
5110040304;;SCAPHANDER LIGNARIUS;;;;;
511005;;PHILINIDAE;;;;;
51100501;;PHILINE;;;;;
5110050109;MANDELSNEGL;PHILINE APERTA;;;;;
5110050110;;PHILINE ANGULATA;;;;;
5110050117;;PHILINE SCABRA;;;;;
511013;;RETUSIDAE;;;;;
5110130106;;RETUSA ALBA;;;;;
511017;;SCAPHANDRIDAE;;;;;
5113;FINNEFOTSNEGLER;THECOSOMATA;;;;;
511301;;LIMACINIDAE;;;;;
51130101;;LIMACINA;;;;;
5113010102;;LIMACINA HELICINA;;;;;
5113010106;;LIMACINA RETROVERSA;;;;;
5114;;BASOMMATOPHORA;;;;;
511404;;ELLOBIIDAE;;;;;
5114040101;;PHYTIA MYOSOTIS;;;;;
5114040401;;LEUCOPHYTIA BIDENTATA;;;;;
5123;;SACOGLOSSA;;;;;
512303;;ELYSIIDAE;;;;;
5123030103;;ELYSIA VIRIDIS;;;;;
5124;;ANASPIDEA;;;;;
512402;;APLYSIIDAE;;;;;
5124020206;SJØHARE;APLYSIA PUNCTATA;;;;;
5125;NAKNE VINGESNEGLER;GYMNOSOMATA;;;;;
512506;;CLIONIDAE;;;;;
5125060101;HVALÅTE;CLIONE LIMACINA;;;;;
5126;;NOTASPIDEA;;;;;
512602;;PLEUROBRANCHIDAE;;;;;
5126020102;;PLEUROBRANCHUS MEMBRANACE;;;;;
5127;NAKENSNEGLER;NUDIBRANCHIA;SEA SLUGS;;;;
5128;;DORIDOIDEA;;;;;
5130;;CRYPTOBRANCHIA;;;;;
513002;;CHROMODORIDIDAE;;;;;
5130020104;;CADLINA LAEVIS;;;;;
513003;;DORIDIDAE;;;;;
51300303;SMØRSNEGLER;ARCHIDORIS;;;;;
5130030304;;ARCHIDORIS PSEUDOARGUS;;;;;
5131;;PHANEROBRANCHIA;;;;;
513102;;POLYCERIDAE;;;;;
5131020102;;PALIO DUBIA;;;;;
5131020202;;POLYCERA QUADRILINEATA;;;;;
5131020801;;LIMACIA CLAVIGERA;;;;;
513105;;ONCHIDORIDIDAE;;;;;
5131050101;;ACANTHODORIS PILOSA;;;;;
5131050406;;ONCHIDORIS HYSTRICINA;;;;;
5131050407;;ONCHIDORIS DEPRESSA;;;;;
5131050501;;LAMELLIDORIS MURICATA;;;;;
513106;;GONIODORIDIDAE;;;;;
5131060401;;GONIODORIS NODOSA;;;;;
5131060501;;OKENIA ASPERA;;;;;
5134;;DENDRONOTOIDEA;;;;;
513401;;TRITONIIDAE;;;;;
51340101;;TRITONIA;;;;;
5134010103;;TRITONIA HOMBERGII;;;;;
5134010106;;TRITONIA PLEBEIA;;;;;
5134010107;;TRITONIA LINEATA;;;;;
5134010108;;TRITONIA ODHNERI;;;;;
513403;;LOMANOTIDAE;;;;;
5134030101;;LOMANOTUS MARMORATUS;;;;;
513406;;DENDRONOTIDAE;;;;;
5134060103;;DENDRONOTUS FRONDOSUS;;;;;
513409;;DOTIDAE;;;;;
5134090107;;DOTO CUSPIDATA;;;;;
5135;;ARMINOIDEA;;;;;
5136;;EUARMINOIDEA;;;;;
513602;;ARMINIDAE;;;;;
5136020104;;ARMINA LOVENI;;;;;
5138;;LEPTOGNATHA;;;;;
513802;;HEROIDAE;;;;;
5138020101;;HERO FORMOSA;;;;;
5139;;EOLIDOIDEA;;;;;
5140;;PLEUROPROCTA;;;;;
514002;;CORYPHELLIDAE;;;;;
5141;;ACLEIOPROCTA;;;;;
514101;;EUBRANCHIDAE;;;;;
51410101;;EUBRANCHUS;;;;;
5141010102;;EUBRANCHUS PALLIDUS;;;;;
5141010103;;EUBRANCHUS TRICOLOR;PAINTED BALLON AEOLIS;;;;
5141010107;;EUBRANCHUS EXIGUUS;;;;;
514103;;CUTHONIDAE;;;;;
5141030201;;CATRIONA AURANTIA;;;;;
5141030301;;PRECUTHONA PEACHI;;;;;
514104;;FLABELLINIDAE;;;;;
51410401;;CORYPHELLA;;;;;
5141040110;;CORYPHELLA VERRUCOSA;;;;;
5141040111;;CORYPHELLA LINEATA;;;;;
5141040112;;CORYPHELLA PEDATA;;;;;
514106;;CALMIDAE;;;;;
5141060101;;CALMA GLAUCOIDES;;;;;
51410703;;TRINCHESIA;;;;;
5141070301;;TRINCHESIA CAERULEA;;;;;
5141070302;;TRINCHESIA VIRIDIS;;;;;
5141070303;;TRINCHESIA FOLIATA;;;;;
5141070304;;TRINCHESIA AMOENA;;;;;
5141070305;;TRINCHESIA CONCINNA;;;;;
5142;;CLEIOPROCTA;;;;;
514201;;FACELINIDAE;;;;;
5142010203;;FACELINA AURICULATA;;;;;
514202;;FAVORINIDAE;;;;;
5142020301;;FAVORINUS BRANCHIALIS;;;;;
514203;;AEOLIDIIDAE;;;;;
5142030101;FRYNSESNEGL;AEOLIDIA PAPILLOSA;SHAG-RUG AEOLIS;;;;
5142030401;;AEOLIDIELLA ALDERI;;;;;
52;;MONOPLACOPHORA;;;;;
53;SKALLUS;POLYPLACOPHORA;CHITONS;;;;
5301;;NEOLORICATA;;;;;
5302;;LEPIDOPLEURINA;;;;;
530201;;LEPIDOPLEURIDAE;;;;;
5302010202;;LEPIDOPLEURUS ASELLUS;;;;;
5303;;ISCHNOCHITONIDA;;;;;
530302;;ISCHNOCHITONIDAE;;;;;
5303020302;;ISCHNOCHITON ALBUS;;;;;
5303020403;;LEPIDOCHITONA CINEREA;;;;;
5303020604;;TONICELLA RUBRA;;;;;
530304;;CALLOCHITONIDAE;;;;;
5303040102;;CALLOCHITON ACHATINUS;;;;;
5304;;ACANTHOCHITONIDA;;;;;
530401;;ACANTHOCHITONIDAE;;;;;
5304010201;;ACANTHOCHITONA CRINITA;;;;;
5304010206;;ACANTHOCHITONA COMMUNIS;;;;;
54;;APLACOPHORA;;;;;
55;MUSLINGER;BIVALVIA;BIVALVES;;;;
5501;GAMLE RADTANNETE;PALAEOTAXODONTA;;;;;
5502;;NUCULOIDEA;;;;;
550202;NØTTEMUSLINGER;NUCULIDAE;NUT CLAMS;;;;
5502020201;;NUCULA TENUIS;SMOOTH NUTCLAM;;;;
5502020212;VANLIG NØTTEMUSLING;NUCULA NUCLEUS;COMMON NUT SHELL;;;;
5502020221;;NUCULA TUMIDULA;;;;;
5502020222;;NUCULA NITIDOSA;;;;;
5502020501;;NUCULOMA TENUIS;;;;;
550204;;NUCULANIDAE;;;;;
5502040201;;NUCULANA PERNULA;;;;;
5502040202;;NUCULANA MINUTA;;;;;
5502040502;;YOLDIA HYPERBOREA;;;;;
55020406;;YOLDIELLA;;;;;
5502040607;;YOLDIELLA FRATERNA;;;;;
5502040608;;YOLDIELLA FRIGIDA;;;;;
5502040611;;YOLDIELLA LUCIDA;;;;;
5505;VINGEFORMETE MUSLINGER;PTERIOMORPHIA;;;;;
5506;;ARCOIDA;;;;;
550601;ARKMUSLINGER;ARCIDAE;ARK SHELLS;;;;
5506010101;;BATHYARCA GLACIALIS;;;;;
55060104;;ARCA;ARK SHELLS;;;;
5506010403;;ARCA LACTEA;;;;;
5506010404;;ARCA MUTABILIS;;;;;
550606;;GLYCYMERIDIDAE;;;;;
5506060106;;GLYCYMERIS GLYCYMERIS;DOG COCKLE;;;;
5507;;MYTILOIDA;;;;;
550701;BLÅSKJELLFAMILIEN;MYTILIDAE;MUSSELS;;;;
5507010101;BLÅSKJELL;MYTILUS EDULIS;BLUE MUSSEL;;;;
5507010103;MIDDELHAVSBLÅSKJELL;MYTILUS GALLOPROVINCIALIS;MEDITERRANEAN MUSSEL;;;;
5507010402;;MUSCULUS DISCORS;GREEN CRENELLA;;;;
5507010407;;MUSCULUS MARMORATUS;MARBLED CRENELLA;;;;
5507010414;;MUSCULUS COSTULATUS;;;;;
5507010502;;DACRYDIUM VITREUM;;;;;
55070106;;MODIOLUS;HORSE MUSSELS;;;;
5507010601;OSKJELL;MODIOLUS MODIOLUS;HORSE MUSSEL;;;;
5507010605;;MODIOLUS PHASEOLINUS;BEAN HORSE MUSSEL;;;;
5507010606;;MODIOLUS BARBATUS;BEARDED HORSE MUSSEL;;;;
5508;;PTERIOIDA;;;;;
5509;;PTERIINA;;;;;
550905;KAMMUSLINGER;PECTINIDAE;SCALLOPS;;;;
55090501;;CHLAMYS;;;;;
5509050103;HANESKJELL;CHLAMYS ISLANDICA;SCALLOP;;;;
5509050109;HARPESKJELL;CHLAMYS OPERCULARIS;QUEEN SCALLOP;;;;
5509050110;URSKJELL;CHLAMYS VARIA;VARIEGATED SCALLOP;;;;
5509050111;;CHLAMYS DISTORTA;HUNCHBACK SCALLOP;;;;
5509050112;TIGERKAMSKJELL;CHLAMYS TIGERINA;TIGER SCALLOP;;;;
5509050114;SYVSTRIPET KAMSKJELL;CHLAMYS SEPTEMRADIATUS;SCALLOP;;;;
5509050115;;CHLAMYS JORDANI;JORDAN SCALLOP;;;;
55090504;;PECTEN;JORDAN SCALLOP;;;;
5509050403;STOR KAMMUSLING;PECTEN MAXIMUS;ESCALLOP;;;;
5509050403;STORT KAMSKJELL;PECTEN MAXIMUS;ESCALLOP;;;;
5509051701;;ARCTINULA GREENLANDICA;GREENLAND SCALLOP;;;;
550909;SADELSKJELL;ANOMIIDAE;SADDLE OYSTERS;;;;
5509090203;;ANOMIA SQUAMULA;SADDLE OYSTER;;;;
5509090204;;ANOMIA EPHIPPIUM;COMMON SADDLE OYSTER;;;;
5509090301;;MONIA SQUAMA;;;;;
5509090302;;MONIA PATELLIFORMIS;RIBBED SADDLE OYSTER;;;;
550910;RURSKJELL;LIMIDAE;FILE SHELLS;;;;
5509100106;REIRSKJELL;LIMA HIANS;;;;;
5509100107;;LIMA LOSCOMBI;;;;;
5510;;OSTREOIDA;;;;;
551002;ØSTERS;OSTREIDAE;OYSTERS;;;;
55100201;;CRASSOSTREA;CUPPED OYSTERS;;;;
5510020101;;CRASSOSTREA GIGAS;PACIFIC GIANT OYSTER;;;;
5510020102;;CRASSOSTREA VIRGINICA;AMERICAN OYSTER;;;;
5510020103;;CRASSOSTREA ANGULATA;PORTUGUISE OYSTER;;;;
5510020205;EKTE ØSTERS;OSTREA EDULIS;EUROPEAN FLAT OYSTER;;;;
5514;ULIKETANNETE MUSL.;HETERODONTA;;;;;
5515;;VENEROIDA;;;;;
551501;MÅNEMUSLINGER;LUCINIDAE;LUCINES;;;;
5515010203;;LUCINOMA BOREALIS;;;;;
5515010703;;DIVARICELLA DIVARICATA;;;;;
551502;;THYASIRIDAE;;;;;
55150203;;THYASIRA;;;;;
5515020305;;THYASIRA EQUALIS;;;;;
551507;;ERYCINIDAE;;;;;
5515070102;;LASAEA RUBRA;;;;;
551508;;KELLIIDAE;;;;;
5515080102;;KELLIA SUBORBICULARIS;;;;;
551510;;MONTACUTIDAE;;;;;
5515100108;;MYSELLA BIDENTATA;;;;;
5515100404;;MONTACUTA FERRUGINOSA;;;;;
551519;ASTARTEMUSLINGER;ASTARTIDAE;ASTARTES;;;;
55151901;;ASTARTE;;;;;
5515190112;;ASTARTE CRENATA;;;;;
5515190114;;ASTARTE ELLIPTICA;;;;;
5515190116;;ASTARTE SULCATA;;;;;
5515190120;;ASTARTE TRIANGULARIS;;;;;
5515190204;;TRIDONTA BOREALIS;;;;;
5515190206;;TRIDONTA MONTAGUI;;;;;
551522;HJERTEMUSLINGER;CARDIIDAE;COCKLES;;;;
5515220201;;SERRIPES GROENLANDICUS;;;;;
5515220404;;LAEVICARDIUM CRASSUM;;;;;
5515220602;VANLIG HJERTEMUSLING;CERASTODERMA EDULE;COMMON COCKLE;;;;
55152211;;CARDIUM;;;;;
5515221101;;CARDIUM SCABRUM;COCKLE;;;;
5515221102;;CARDIUM OVALE;;;;;
5515221103;;CARDIUM EXIGUUM;LITTLE COCKLE;;;;
5515221104;PIGGET HJERTEMUSLING;CARDIUM ECHINATUM;PRICKLY COCKLE;;;;
5515221106;;CARDIUM ACULEATA;SPINY COCKLE;;;;
5515221107;;CARDIUM MINIMUM;;;;;
5515221108;;CARDIUM NODOSUM;;;;;
55152212;;ACANTHOCARDIA;;;;;
5515221504;;PARVICARDIUM MINIMUM;;;;;
551525;TRAUMUSLINGER;MACTRIDAE;TROUGH SHELLS;;;;
5515250105;;SPISULA ELLIPTICA;ELLIPTICAL TROUGH SHELL;;;;
5515250106;;SPISULA SOLIDA;THICK TROUGH SHELL;;;;
5515250107;;SPISULA SUBTRUNCATA;CUT TROUGH SHELL;;;;
5515250602;;MACTRA CORALLINA;RAYED TROUGH SHELL;;;;
5515250801;;LUTRARIA LUTRARIA;COMMON OTTER SHELL;;;;
5515250802;;LUTRARIA MAGNA;OTTER SHELL;;;;
551529;KNIVSKJELL;SOLENIDAE;RAZOR CLAMS;;;;
55152902;;SOLEN;RAZOR CLAMS;;;;
5515290203;;SOLEN MARGINATUS;GROOVED RAZOR SHELL;;;;
55152903;;ENSIS;;;;;
5515290303;KNIVSKJELL;ENSIS ENSIS;RAZOR SHELL;;;;
5515290304;;ENSIS ARCUATUS;RAZOR SHELL;;;;
5515290305;STORT KNIVSKJELL;ENSIS SILIQUA;POD RAZOR SHELL;;;;
551530;;CULTELLIDAE;;;;;
55153001;;CULTELLUS;;;;;
5515300101;;CULTELLUS PELLUCIDUS;;;;;
551531;TALLERKENMUSLINGER;TELLINIDAE;TELLINS;;;;
55153101;;MACOMA;;;;;
5515310116;;MACOMA BALTICA;BALTIC TELLIN;;;;
55153102;;TELLINA;;;;;
5515310219;;TELLINA TENUIS;THIN TELLIN;;;;
5515310220;;TELLINA DONACINA;;;;;
5515310221;;TELLINA FABULA;;;;;
5515310229;;TELLINA CRASSA;BLUNT TELLIN;;;;
5515310272;;TELLINA PYGMAEA;;;;;
551532;KILEMUSLINGER;DONACIDAE;WEDGE CLAMS;;;;
5515320105;;DONAX VITTATUS;BANDED WEDGE SHELL;;;;
551533;BLODMUSLINGER;PSAMMOBIIDAE;SANGUIN CLAMS;;;;
5515330103;;GARI FERVENSIS;FAROE SUNSET-SHELL;;;;
551535;;SEMELIDAE;;;;;
55153502;;ABRA;;;;;
5515350203;;ABRA PRISMATICA;;;;;
5515350204;;ABRA ALBA;;;;;
5515350205;;ABRA TENUIS;;;;;
5515350210;;ABRA NITIDA;;;;;
5515350401;STOR PEPPERMUSLING;SCROBICULARIA PLANA;PEPPERY FURROW SHELL;;;;
551539;;ARCTICIDAE;;;;;
5515390101;KUSKJELL;ARCTICA ISLANDICA;ICELANDIC CYPRINA;;;;
5515390101;KUSKJELL;CYPRINA ISLANDICA;OCEAN QUAHOG;;;;
551547;GULLSKJELL;VENERIDAE;CARPET SHELLS;;;;
5515470802;;TAPES PULLASTRA;PULLET CARPET-SHELL;;;;
5515470803;;TAPES AUREUS;GOLDEN CARPET-SHELL;;;;
5515470804;;TAPES RHOMBOIDES;BANDED CARPET-SHELL;;;;
5515470805;;TAPES DECUSSATA;GROOVED CARPETSHELL;;;;
5515470806;;TAPES SEMIDECUSSATA;;;;;
5515470903;;DOSINIA EXOLETA;RAYED ARTEMIS;;;;
5515470904;;DOSINIA LUPINUS;SMOOTH ARTEMIS;;;;
5515471101;;MERCENARIA MERCENARIA;HARD-SHELL CLAM;;;;
55154721;;VENUS;;;;;
551547210101;;VENUS STRIATULA;STRIPED VENUS;;;;
5515472102;;VENUS OVATA;OVAL VENUS;;;;
5515472103;;VENUS FASCIATA;;;;;
5515472104;;VENUS VERRUCOSA;WARTY VENUS;;;;
551548;ENGLEVINGER;PETRICOLIDAE;FALSE ANGEL VINGS;;;;
5515480102;;PETRICOLA PHOLADIFORMIS;AMERICAN PIDDOCK;;;;
5516;;MYOIDA;;;;;
5517;;MYINA;;;;;
551701;SANDMUSLINGER;MYIDAE;SOFT-SHELL CLAMS;;;;
5517010201;VANLIG SANDMUSLING;MYA ARENARIA;SOFT CLAM/SAND GAPER;;;;
5517010203;STUMP SANDMUSLING;MYA TRUNCATA;BLUNT GAPER;;;;
5517010401;;SPHENIA BINGHAMI;;;;;
551702;KURVEMUSLINGER;CORBULIDAE;CORBULA CLAMS;;;;
5517020302;HAMPEFRØSKJELL;VARICORBULA GIBBA;COMMON BASKET SHELL;;;;
551706;STEINBORERE;HIATELLIDAE;ROCK BORERS;;;;
5517060201;STEINBORESKJELL;HIATELLA ARCTICA;ARCTIC HIATELLA;;;;
5517060204;;HIATELLA STRIATA;;;;;
5517060501;;SAXICAVELLA JEFFREYSI;;;;;
5518;;PHOLADACEA;PIDDOCKS/SHIPWORMS;;;;
551801;BOREMUSLINGER;PHOLADIDAE;PIDDOCKS;;;;
5518010102;STRUTSSKJELL;ZIRFAEA CRISPATA;OVAL PIDDOCK;;;;
5518010401;BLÅLEIRESKJELL;BARNEA TRUNCATA;ATLANTIC MUD PIDDOCK;;;;
5518010403;;BARNEA PARVA;LITTLE PIDDOCK;;;;
5518010902;STOR BOREMUSLING;PHOLAS DACTYLUS;COMMON PIDDOCK;;;;
551802;PELEORMER;TEREDINIDAE;SHIPWORMS;;;;
5518020201;PELEMARK;TEREDO NAVALIS;SHIPWORM;;;;
5518020202;;TEREDO MEGOTARA;SHIPWORM;;;;
5518020203;;TEREDO NORVAGICUS;SHIPWORM;;;;
5519;TANNLØSE MUSLINGER;ANOMALODESMACEA;;;;;
5520;;PHOLADOMYACEA;;;;;
552001;RIBBEMUSLINGER;PHOLADOMYIDAE;;;;;
552008;BOKSMUSLINGER;THRACIIDAE;;;;;
5520080212;;THRACIA PHASEOLINA;;;;;
552010;;CUSPIDARIIDAE;;;;;
5520100213;;CUSPIDARIA OBESA;;;;;
5520100216;;CUSPIDARIA ARCTICA;;;;;
56;SJØTENNER;SCAPHOPODA;TOOTH SHELLS;;;;
560101;;DENTALIIDAE;;;;;
5601010107;VANLIG ELEFANTTANN;DENTALIUM VULGARE;COMMON TUSK SHELL;;;;
5601010201;;ANTALIS ENTALE;;;;;
57;BLEKKSPRUTER;CEPHALOPODA;SQUIDS. OCTOPUSSES;;;;BE
5703;TIARMETE BLEKKSPRUTER;COLEOIDEA;;;;;BE
5704;;SEPIIDEA;CUTTLEFISHES;;;;BE
570402;;SEPIOLIDAE;;;;;BE
57040201;;ROSSIA;;;;;BE
5704020104;;ROSSIA MACROSOMA;;;;;BE
5704020105;;ROSSIA BRACHYURA;;;;;BE
5704020301;;SEPIOLA ATLANTICA;LITTLE CUTTLE;;;;BE
5704020401;;SEPIETTA OWENIANA;;;;;BE
570403;;SEPIIDAE;;;;;BE
57040301;;SEPIA;;;;;BE
5704030101;;SEPIA ELEGANS;CUTTLE-FISH;;;;BE
5704030102;;SEPIA OFFICINALIS;COMMON CUTTLEFISH;;;;BE
5704030103;;SEPIA ORBIGNIANA;;;;;BE
5705;;THEUTHOIDEA;SQUIDS;;;;BE
5706;;MYOPSIDA;;;;;BE
570601;;LOLIGINIDAE;SQUIDS;;;;BE
57060101;;LOLIGO;COMMON SQUIDS;;;;BE
5706010104;KALMAR;LOLIGO FORBESII;NORTHERN SQUID;;;;BE
5706010105;;LOLIGO VULGARIS;SQUID;;;;BE
5706010301;;DORYTEUTHIS PLEII;SHORTFINNED SQUID;;;;BE
5706010401;;ALLOTEUTHIS SUBULATA;;;;;BE
5707;;OEGOPSIDA;;;;;BE
570703;;GONATIDAE;;;;;BE
57070302;GONATUS;GONATUS;;;1.08;7.00;BE
5707030201;;GONATUS FABRICI;;;;;BE
57070401;;OCTOPOTEUTHIS;;;;;BE
570715;;OMMASTREPHIDAE;;;;;BE
5707150401;AKKAR;OMMASTREPHES SAGITTATUS;FLYING SQUID;;;;BE
5707150405;;OMMASTREPHES EBLANAE;;;;;BE
5707150406;;OMMASTREPHES TODARUS;;;;;BE
5707240101;;VAMPYROTEUTHIS INFERNALIS;;;;;BE
5708;ÅTTEARMETE BLEKKSPRUTER;OCTOPODA;OCTOPODS;;;;BE
570801;;OCTOPODIDAE;OCTOPUSES;;;;BE
5708010102;;BENTHOCTOPUS PISCATORUM;;;;;
5708010202;;OCTOPUS VULGARIS;OCTOPUS;;;;BE
5708010301;;BATHYPOLYPUS ARCTICUS;;;;;BE
5708010501;;ELEDONE CIRROSA;CURLED OCTOPUS;;;;BE
57080601;CIRROTEUTHIS;CIRROTEUTHIS;;;;;BE
5708060101;CIRROTEUTHIS;CIRROTEUTHIS MUELLERI;;;;;BE
58;;CHELICERATA;;;;;
59;EDDERKOPPDYR;ARACHNIDA;ARACHNIDS;;;;
5911;EDDERKOPPER;ARANEAE;;;;;
60;HAVEDDERKOPPER;PYCNOGONIDA;SEA SPIDERS;;;;
6001;;PANTOPODA;;;;;
600101;;NYMPHONIDAE;SEA SPIDERS;;;;
60010101;;NYMPHON;;;;;
6001010101;;NYMPHON GROSSIPES;SEA SPIDER;;;;
6001010110;;NYMPHON GRACILE;SEA SPIDER;;;;
6001010111;;NYMPHON HIRTUM;SEA SPIDER;;;;
6001010112;;NYMPHON STROEMI;SEA SPIDER;;;;
600102;;PALLENIDAE;;;;;
600104;;AMMOTHEIDAE;;;;;
6001040207;;ACHELIA ECHINATA;SEA SPIDER;;;;
600106;;PHOXICHILIDIIDAE;;;;;
6001060102;;PHOXICHILIDIUM FEMORATUM;SEA SPIDER;;;;
6001060203;;ANOPLODACTYLUS PYGMAEUS;SEA SPIDER;;;;
600107;;ENDEIDAE;;;;;
6001070101;;ENDEIS SPINOSA;SEA SPIDER;;;;
600108;;PYCNOGONIDAE;;;;;
6001080103;;PYCNOGONUM LITTORALE;SEA SPIDER;;;;
6001090201;;CALLIPALLENE BREVIROSTRIS;;;;;
61;KREPSDYR;CRUSTACEA;CRUSTACEANS;;;;
6103;BLADFØTTINGER;BRANCHIOPODA;;;;;
6106;;DIPLOSTRACA;;;;;
6108;VANNLOPPER;CLADOCERA;;;;;
6109;;EUCLADOCERA;;;;;
610905;;POLYPHEMIDAE;;;;;
61090501;;EVADNE;;;;;
6109050101;;EVADNE NORDMANNI;;;;;
61090502;;PODON;;;;;
6109050202;;PODON LEUCKARTII;;;;;
6109050203;;PODON POLYPHEMOIDES;;;;;
6110;MUSLINGKREPS;OSTRACODA;;;;;
6111;;MYODOCOPINA;;;;;
6111;;MYODOCOPINA;;;;;
611102;;CYPRIDINIDAE;;;;;
611105;;HALOCYPRIDIDAE;;;;;
61110501;;CONCHOECIA;;;;;
6111050102;;CONCHOECIA ELEGANS;;;;;
611107;;PHILOMEDIDAE;;;;;
611107;;PHILOMEDIDAE;;;;;
6111070202;;PHILOMEDES DENTATA;;;;;
6111070203;;PHILOMEDES GLOBOSUS;;;;;
6113;;PODOCOPA;;;;;
611310;;BYTHOCYTHERIDAE;;;;;
6113100101;;JONESIA ACUMINATA;;;;;
611325;;TRACHYLEBERIDIDAE;;;;;
61132501;;ECHINOCYTHEREIS;;;;;
6117;HOPPEKREPS;COPEPODA;COPEPODS;;;;
6117;KOPEPODER;COPEPODA;COPEPODS;;;;
6118;;CALANOIDA;;;;;
611801;;CALANIDAE;;;;;
61180102;;CALANUS;;;;;
6118010202;;CALANUS HYPERBOREUS;;;;;
6118010203;;CALANUS GLACIALIS;;;;;
6118010208;RAUDÅTE;CALANUS FINMARCHICUS;;;;;
611803;;EUCALANIDAE;;;;;
6118030103;;EUCALANUS ELONGATUS;;;;;
611804;;PARACALANIDAE;;;;;
611805;;PSEUDOCALANIDAE;;;;;
61180504;;MICROCALANUS;;;;;
6118050401;;MICROCALANUS PUSILLUS;;;;;
6118050402;;MICROCALANUS PYGMAEUS;;;;;
61180505;;PSEUDOCALANUS;;;;;
6118050501;;PSEUDOCALANUS ELONGATUS;;;;;
6118050502;;PSEUDOCALANUS MINUTUS;;;;;
611807;;AETIDEIDAE;;;;;
6118070404;;BRADYIDIUS BRADYI;;;;;
61180706;;CHIRIDIUS;;;;;
6118070606;;CHIRIDIUS ARMATUS;;;;;
6118070916;;EUCHIRELLA EMARGINATA;;;;;
6118071105;;GAIDIUS TENUISPINUS;;;;;
611808;;EUCHAETIDAE;;;;;
61180801;;EUCHAETA;;;;;
6118080103;;EUCHAETA BARBATA;;;;;
6118080116;;EUCHAETA NORVEGICA;;;;;
611810;;SCOLECITHRICIDAE;;;;;
6118100504;;SCOLECITHRICELLA MINOR;;;;;
611816;;METRIDIIDAE;;;;;
61181602;;METRIDIA;;;;;
6118160207;;METRIDIA LUCENS;;;;;
6118160212;;METRIDIA LONGA;;;;;
6118160305;;PLEUROMAMMA ROBUSTA;;;;;
611817;;CENTROPAGIDAE;;;;;
6118170105;;CENTROPAGES HAMATUS;;;;;
6118170106;;CENTROPAGES TYPICUS;;;;;
611820;;TEMORIDAE;;;;;
6118200303;;TEMORA LONGICORNIS;;;;;
611822;;HETERORHABDIDAE;;;;;
6118220204;;HETERORHABDUS NORVEGICUS;;;;;
611826;;CANDACIIDAE;;;;;
6118260104;;CANDACIA ARMATA;;;;;
611827;;PONTELLIDAE;;;;;
6118270501;;ANOMALOCERA PATERSONI;;;;;
611829;;ACARTIIDAE;;;;;
61182901;;ACARTIA;;;;;
6118290101;;ACARTIA CLAUSI;;;;;
6118290103;;ACARTIA LONGIREMIS;;;;;
6119;;HARPACTICOIDA;;;;;
611909;;ECTINOSOMIDAE;;;;;
61190901;;MICROSETELLA;;;;;
6119090101;;MICROSETELLA NORVEGICA;;;;;
6119090511;;BRADYA SCOTTI;;;;;
611910;;HARPACTICIDAE;;;;;
611913;;TISBIDAE;;;;;
61191301;;TISBE;;;;;
611931;;THALESTRIDAE;;;;;
6120;;CYCLOPOIDA;;;;;
612001;;ONCAEIDAE;;;;;
61200103;;ONCAEA;;;;;
6120010301;;ONCAEA BOREALIS;;;;;
612009;;OITHONIDAE;;;;;
61200901;;OITHONA;;;;;
6120090103;;OITHONA SIMILIS;;;;;
6120090123;;OITHONA ATLANTICA;;;;;
6123;;CALIGOIDA;;;;;
612301;;CALIGIDAE;;;;;
61230101;;CALIGUS;;;;;
6130;RUR;CIRRIPEDIA;BARNACLES;;;;
6131;;THORACICA;;;;;
6132;;LEPADOMORPHA;;;;;
613205;;LEPADIDAE;GOOSE BARNACLES;;;;
61320503;;LEPAS;GOOSE BARNACLES;;;;
6132050301;SVARTSTILKET ANDESKJELL;LEPAS ANATIFERA;GOOSE BARNACLE;;;;
6133;;VERRUCOMORPHA;;;;;
61330101;;VERRUCA;;;;;
6134;;BALANOMORPHA;;;;;
613401;;CHTHAMALIDAE;;;;;
613402;STRANDRUR;BALANIDAE;;;;;
6134020101;FJÆRERUR;BALANUS BALANOIDES;;;;;
6143;STORKREPS;MALACOSTRACA;;;;;
6144;;PHYLLOCARIDA;;;;;
6145;;NEBALIACEA;;;;;
614501;;NEBALIIDAE;;;;;
6145010101;;NEBALIA BIPES;;;;;
6145010103;;NEBALIA BOREALIS;;;;;
6145010104;;NEBALIA HERBSTII;;;;;
6151;MYSIDER;MYSIDACEA;MYSIDIACEANS;;;;
6152;;LOPHOGASTRIDA;;;;;
615202;;EUCOPIIDAE;;;;;
6152020101;;EUCOPIA UNGUICULATA;;;;;
6153;PUNGREKER;MYSIDA;OPOSSUM SHRIMPS;;;;
615301;MYSIDER;MYSIDAE;;;;;
6153010201;;AMBLYOPS ABBREVIATA;;;;;
6153010406;;BOREOMYSIS ARCTICA;;;;;
6153010427;;BOREOMYSIS NOBILIS;;;;;
61530114;;MYSIS;MYSID SHRIMPS;;;;
61530115;;NEOMYSIS;;;;;
6153011707;;PARERYTHROPS ROBUSTA;;;;;
61530119;;PSEUDOMMA;;;;;
6153011903;;PSEUDOMMA ROSEUM;;;;;
6153011935;;PSEUDOMMA AFFINE;;;;;
6153012002;;STILOMYSIS GRANDIS;;;;;
61530122;;PRAUNUS;;;;;
6153012201;;PRAUNUS FLEXUOSUS;;;;;
6153012202;;PRAUNUS NEGLECTUS;;;;;
6153012203;;PRAUNUS INERMIS;;;;;
61530123;;ERYTHROPS;;;;;
6153012313;;ERYTHROPS SERRATA;;;;;
615303;MYSIDER II;MYSIDAE;;;;;
6153031007;;LEPTOMYSIS GRACILIS;;;;;
6153031102;;MYSIDEIS INSIGNIS;;;;;
6154;KOMMAKREPS;CUMACEA;CUMACEANS;;;;
615401;;LAMPROPIDAE;;;;;
6154010103;;LAMPROPS FASCIATA;;;;;
615402;;CUMIDAE;;;;;
615403;;PLATYASPIDAE;;;;;
615404;;LEUCONIDAE;;;;;
61540401;;LEUCON;;;;;
6154040101;;LEUCON NASICA;;;;;
6154040104;;LEUCON FULVUS;;;;;
6154040106;;LEUCON ACUTIROSTRIS;;;;;
6154040201;;EUDORELLA;;;;;
6154040201;;EUDORELLA EMARGINATA;;;;;
615405;;DIASTYLIDAE;;;;;
61540501;;DIASTYLIS;;;;;
6154050110;;DIASTYLIS LUCIFERA;;;;;
6154050112;;DIASTYLIS KOREANA;;;;;
6154050116;;DIASTYLIS RATHKEI;;;;;
6154050122;;DIASTYLIS TUMIDA;;;;;
61540504;;LEPTOSTYLIS;;;;;
61540505;;COLUROSTYLIS;;;;;
6154050501;;COLUROSTYLIS OCCIDENTALIS;;;;;
61540509;;DIASTYLOIDES;;;;;
6154050901;;DIASTYLOIDES;;;;;
615406;;PSEUDOCUMIDAE;;;;;
6154060201;;PSEUDOCUMA LONGICORNIS;;;;;
615407;;CAMPYLASPIDAE;;;;;
615408;;NANNASTACIDAE;;;;;
615409;;BODOTRIIDAE;;;;;
61540904;;VAUNTHOMPSONIA;;;;;
6155;;TANAIDACEA;;;;;
6156030106;;APSEUDES PROPINQUUS;;;;;
6156030157;;APSEUDES SPINOSUS;;;;;
6156110101;;SPHYRAPUS ANOMALUS;;;;;
6157;;DIKONOPHORA;;;;;
615701;;TANAIDAE;;;;;
6157010507;;PSEUDOTANAIS FORCIPATUS;;;;;
615702;;PARATANAIDAE;;;;;
61570205;;TYPHLOTANAIS;;;;;
61570901;;LEPTOGNATHIA;;;;;
6158;ISOPODER;ISOPODA;ISOPODS;;;;
6159;;GNATHIIDEA;;;;;
615901;;GNATHIIDAE;;;;;
61590101;;GNATHIA;;;;;
6160;;ANTHURIDEA;;;;;
616001;;ANTHURIDAE;;;;;
61600117;;ANTHURA;;;;;
6160030201;;CALATHURA BRANCHIATA;;;;;
6161;;FLABELLIFERA;;;;;
6161;;ISOPODA;;;;;
616101;;CIROLANIDAE;;;;;
6161010114;;CIROLANA BOREALIS;;;;;
6161010115;;CIROLANA DIMINUTA;;;;;
61610102;;EURYDICE;;;;;
6161010204;;EURYDICE PULCHRA;;;;;
6161010205;;EURYDICE TRUNCATA;;;;;
616102;;SPHAEROMATIDAE;;;;;
61610207;;SPHAEROMA;;;;;
616105;;LIMNORIIDAE;;;;;
61610501;PELEKREPS;LIMNORIA;;;;;
616107;;AEGIDAE;;;;;
6161070112;;AEGA PSORA;;;;;
6161070208;;ROCINELA DUMERILII;;;;;
6162;;VALVIFERA;;;;;
616201;;ARCTURIDAE;;;;;
61620104;;ASTACILLA;;;;;
6162010402;;ASTACILLA LONGICORNIS;;;;;
6162010403;;ASTACILLA DESHAYSI;;;;;
6162010803;;ARCTURELLA DAMNONIENSIS;;;;;
616202;TANGLUS;IDOTEIDAE;;;;;
61620203;;IDOTEA;;;;;
6162020308;;IDOTEA BALTHICA;;;;;
6162020315;;IDOTEA NEGLECTA;;;;;
6162020317;;IDOTEA GRANULOSA;;;;;
6162020318;;IDOTEA PELAGICA;;;;;
61620302;;SADURIA;;;;;
6162030202;;SADURIA SABINI;;;;;
6163;;ASELLOTA;;;;;
616306;;JANIRIDAE;;;;;
61630602;;JAERA;;;;;
616308;;MACROSTYLIDAE;;;;;
6163080101;;MACROSTYLIS SPINIFERA;;;;;
616309;;DESMOSOMATIDAE;;;;;
61630901;;DESMOSOMA;;;;;
6163090106;;DESMOSOMA FILIPES;;;;;
6163090107;;DESMOSOMA GLOBICEPS;;;;;
6163090305;;DESMOSOMA TENUIMANUM;;;;;
616317;;MUNNOPSIDAE;;;;;
616317;;MUNNOPSIDAE;;;;;
6163170101;;MUNNOPSIS TYPICA;;;;;
6163170201;;MUNNOPSURUS GIGANTICUS;;;;;
61631707;;EURYCOPE;;;;;
6163170708;;EURYCOPE CORNUTA;;;;;
6165;;EPICARIDEA;;;;;
6166;;ONISCIDEA;;;;;
616601;;LIGIIDAE;;;;;
61660101;;LIGIA;;;;;
6168;AMFIPODER;AMPHIPODA;AMPHIPODS;;;;
6169;;GAMMARIDEA;;;;;
616901;;ACANTHONOTOZOMATIDAE;;;;;
6169010302;;PANOPLOEA EBLANAE;;;;;
616902;;AMPELISCIDAE;;;;;
61690201;;AMPELISCA;;;;;
6169020182;;AMPELISCA GIBBA;;;;;
61690202;;BYBLIS;;;;;
6169020202;;BYBLIS GAIMARDI;;;;;
61690203;;HAPLOOPS;;;;;
6169020301;;HAPLOOPS TUBICOLA;;;;;
616903;;AMPHILOCHIDAE;;;;;
61690302;;AMPHILOCHUS;;;;;
616904;;AMPITHOIDAE;;;;;
61690401;;AMPITHOE;;;;;
616906;;AORIDAE;;;;;
61690603;;LEMBOS;;;;;
6169060302;;LEMBOS LONGIPES;;;;;
616907;;ARGISSIDAE;;;;;
6169070101;;ARGISSA HAMATIPES;;;;;
616909;;ATYLIDAE;;;;;
6169090109;;ATYLUS SWAMMERDAMI;;;;;
616912;;CALLIOPIIDAE;;;;;
6169120106;;APHERUSA JURINEI;;;;;
6169120201;;CALLIOPIUS LAEVIUSCULUS;;;;;
6169120403;;HALIRAGES FULVOCINCTUS;;;;;
616915;;COROPHIIDAE;;;;;
61691502;;COROPHIUM;;;;;
61691503;;ERICTHONIUS;;;;;
6169150307;;ERICTHONIUS HUNTERI;;;;;
6169150501;;NEOHELA MONSTROSA;;;;;
61691507;;UNCIOLA;;;;;
616917;;DEXAMINIDAE;;;;;
61691704;;DEXAMINE;;;;;
6169170402;;DEXAMINE SPINOSA;;;;;
616920;;EUSIRIDAE;;;;;
61692008;;EUSIRUS;;;;;
61692013;;RHACHOTROPIS;;;;;
6169201302;;RHACHOTROPIS HELLERI;;;;;
6169201305;;RHACHOTROPIS ACULEATA;;;;;
6169201306;;RHACHOTROPIS MACROPUS;;;;;
616921;TANGLOPPER;GAMMARIDAE;;;;;
6169210401;;ERIOPISA ELONGATA;;;;;
6169210601;;GAMMARELLUS HOMARI;;;;;
6169210701;;GAMMARUS LOCUSTA;;;;;
6169210802;;MAERA LOVENI;;;;;
616922;;HAUSTORIIDAE;;;;;
616924;;HYALIDAE;;;;;
616926;;PHOTIDAE;;;;;
616927;;ISCHYROCERIDAE;;;;;
61692703;;JASSA;;;;;
6169270302;;JASSA FALCATA;;;;;
61692705;;PARAJASSA;;;;;
616933;;LILJEBORGIIDAE;;;;;
6169330101;;IDUNELLA AEQUICORNIS;;;;;
6169330201;;LILJEBORGIA FISSICORNIS;;;;;
616934;;LYSIANASSIDAE;;;;;
6169340202;;AMBASIELLA ATLANTICA;;;;;
6169340302;;ANONYX NUGAX;;;;;
6169342913;;ORCHOMENE OBTUSA;;;;;
6169343902;;SCOPELOCHEIRUS HOPEI;;;;;
61693450;;TMETONYX;;;;;
61693450;;TMETONYX;;;;;
6169345001;;TMETONYX CICADA;;;;;
6169345004;;TMETONYX ACUTUS;;;;;
6169345205;;ORCHOMENELLA OBTUSA;;;;;
616935;;MELPHIDIPPIDAE;;;;;
6169350101;;MELPHIDIPPA GOESI;;;;;
616937;;OEDICEROTIDAE;;;;;
6169370102;;ACANTHOSTEPHEIA MALMGRENI;;;;;
6169370402;;ARRHIS PHYLLONYX;;;;;
6169370402;;ARRHIS PHYLLONYX;;;;;
6169370523;;BATHYMEDON SAUSSUREI;;;;;
6169370810;;MONOCULODES PACKARDI;;;;;
6169370821;;MONOCULODES TESSELATUS;;;;;
61693714;;SYNCHELIDIUM;;;;;
6169390201;;EPIMERIA LORICATA;;;;;
6169390203;;EPIMERIA CORNIGERA;;;;;
6169390303;;PARAMPHITHOE HYSTRIX;;;;;
616942;;PHOXOCEPHALIDAE;;;;;
61694201;;HARPINIA;;;;;
6169420104;;HARPINIA ANTENNARIA;;;;;
6169420108;;HARPINIA PECTINATA;;;;;
6169420120;;HARPINIA CRENULATA;;;;;
616944;;PODOCERIDAE;;;;;
61694401;;DULICHIA;;;;;
6169440104;;DULICHIA MONACANTHA;;;;;
6169440105;;DULICHIA PORRECTA;;;;;
6169440109;;DULICHIA FALCATA;;;;;
6169440110;;DULICHIA TUBERCULATA;;;;;
6169440113;;DULICHIA NORMANI;;;;;
61694402;;LAETMATOPHILUS;;;;;
6169440201;;LAETMATOPHILUS ARMATUS;;;;;
6169440501;;XENODICE FRAUENFELDTI;;;;;
616947;;STEGOCEPHALIDAE;;;;;
6169470701;;STEGOCEPHALUS INFLATUS;;;;;
616948;;STENOTHOIDAE;;;;;
61694810;;STENOTHOE;;;;;
61694815;;METOPA;;;;;
6169500301;;SYRRHOE CRENULATA;;;;;
616951;;TALITRIDAE;;;;;
6170;;HYPERIIDEA;;;;;
617001;;HYPERIIDAE;;;;;
61700101;;HYPERIA;;;;;
6170010101;;HYPERIA GALBA;;;;;
6170010702;;HYPEROCHE MEDUSARUM;;;;;
61700110;;THEMISTO;;;;;
6170011002;;THEMISTO LIBELLULA;;;;;
6170011005;;THEMISTO ABYSSORUM;;;;;
6170011006;;THEMISTO COMPRESSA;;;;;
617008;;LYCAEIDAE;;;;;
617015;;SCINIDAE;;;;;
6171;SPØKELSESKREPSER;CAPRELLIDEA;;;;;
617101;SPØKELSESKREPSER;CAPRELLIDAE;;;;;
61710107;;CAPRELLA;;;;;
6171010703;SPØKELSESKREPS;CAPRELLA LINEARIS;GHOST SHRIMP;;;;
6171010723;;CAPRELLA SEPTENTRIONALIS;;;;;
6171010734;;CAPRELLA MONOCERA;GHOST SHRIMP;;;;
6171010735;;CAPRELLA PUNCTATA;GHOST SHRIMP;;;;
6171010801;;AEGININA LONGICORNIS;;;;;
6171011201;;PHTISICA MARINA;;;;;
617102;;CYAMIDAE;;;;;
6173;;EUCARIDA;;;;;
6174;KRILL;EUPHAUSIACEA;KRILL;5;;;CE
617402;KRILL;EUPHAUSIIDAE;;;;;CE
61740201;;EUPHAUSIA;;;;;
6174020201;;MEGANYCTIPHANES NORVEGICA;;;;;E
61740204;;NEMATOSCELIS;;;;;E
6174020403;;NEMATOSCELIS MEGALOPS;;;;;E
6174020501;;NYCTIPHANES COUCHI;;;;;
61740207;;STYLOCHEIRON;;;;;E
6174020701;;STYLOCHEIRON LONGICORNE;;;;;
6174020801;;TESSARABRACHION OCULATUM;;;;;E
61740209;;THYSANOESSA;;;;;E
6174020902;;THYSANOESSA INERMIS;;;;;E
6174020904;;THYSANOESSA LONGICAUDATA;;;;;E
6174020906;;THYSANOESSA RASCHI;;;;;E
61740210;;THYSANOPODA;;;;;E
6175;TIFOTKREPS;DECAPODA;DECAPODS;;;;
6176;;DENDROBRANCHIATA;;;;;
6177;;PENAEOIDEA;;;;;
617701;;PENAEIDAE;;;;;
61770101;;PENAEUS;;;;;
617702;;SERGESTIDAE;;;;;
61770203;;SERGESTES;;;;;E
6177020302;;SERGESTES ARCTICUS;PANAEID PRAWN;;;;E
6178;;PLEOCYEMATA;;;;;
6179;REKER;NATANTIA;SHRIMPS;;;;
61790101;;HYMENODORA;;;;;E
6179010101;;HYMENODORA GLACIALIS;;;;;
617905;;PASIPHAEIDAE;;;;;
61790501;HVITREKER;PASIPHAEA;;;;;E
61790501;FLATREKER;PASIPHAEA;;;;;E
61790501;GLASSREKER;PASIPHAEA;;;;;E
6179050103;;PASIPHAEA TARDA;;;;;
6179050104;;PASIPHAEA MULTIDENTATA;;;;;
6179050105;;PASIPHAEA AFFINIS;;;;;
617911;STRANDREKER;PALAEMONIDAE;PALAEMONID SHRIMPS;;;;
61791102;;MACROBRACHIUM;;;;;
6179110802;;PALAEMON SERRATUS;COMMON PRAWN;;;;C
6179110804;STRANDREKE;PALAEMON ELEGANS;;;;;C
6179111902;;CANSER OPILI;;;;;
617914;;ALPHEIDAE;;;;;C
6179140701;;ATHANAS NITESCENS;;;;;C
617916;;HIPPOLYTIDAE;;;;;C
6179160105;;HIPPOLYTE VARIANS;;;;;C
61791602;;SPIRONTOCARIS;;;;;C
6179160206;;SPIRONTOCARIS GAIMARDI;;;;;C
6179160208;;SPIRONTOCARIS LILJEBORGII;;;;;C
6179160216;;SPIRONTOCARIS SPINUS;;;;;C
6179160217;;SPIRONTOCARIS CRANCHI;;;;;C
6179160218;;SPIRONTOCARIS PUSIOLA;;;;;C
6179160305;;LEBBEUS POLARIS;;;;;C
6179160406;;EUALUS GAIMARDII;;;;;C
6179160415;;EUALUS OCCULATUS;;;;;C
6179160801;;CARIDION GORDONI;;;;;C
6179160901;;HETAIRUS POLARIS;;;;;C
6179161601;;MERHIPPOLYTE AMERICANA;;;;;C
617917;;PROCESSIDAE;;;;;C
6179170105;;PROCESSA CANALICULATA;;;;;C
617918;;PANDALIDAE;PANDALID SHRIMPS;;;;C
61791801;;PANDALUS;PINK SHRIMPS;;;;C
6179180101;DYPVANNSREKE;PANDALUS BOREALIS;DEEP SEA SHRIMP;8;;;CE
6179180104;BLOMSTERREKE;PANDALUS MONTAGUI;PINK SHRIMP;;;;C
6179180110;;PANDALUS PROPINQUUS;;;;;C
6179180302;;DICHELOPANDALUS BONNIERI;;;;;C
61791806;;PANDALINA;;;;;C
6179180601;;PANDALINA BREVIROSTRIS;PINK SHRIMP;;;;C
6179180602;;PANDALINA PROFUNDA;;;;;C
617922;;CRANGONIDAE;CRANGONID SHRIMPS;;;;C
61792201;SANDREKER;CRANGON;;;;;C
6179220118;SANDREKE;CRANGON CRANGON;COMMON SHRIMP;;;;C
6179220118;HESTEREKE;CRANGON CRANGON;COMMON SHRIMP;;;;C
6179220119;SANDREKE;CRANGON ALLMANNI;;;;;C
61792202;PANSERREKER;SCLEROCRANGON;;;;;C
6179220201;PANSERREKE;SCLEROCRANGON BOREAS;;;;;C
6179220201;ISHAVSREKE;SCLEROCRANGON BOREAS;;;;;C
6179220206;POLARREKE;SCLEROCRANGON FEROX;;;;;C
61792205;SABINEAREKER;SABINEA;;;;;C
6179220501;;SABINEA SEPTEMCARINATA;;;;;C
6179220502;;SABINEA SARSII;;;;;C
61792206;MUDDERREKER;PONTOPHILUS;;;;;C
6179220604;;PONTOPHILUS SPINOSUS;;;;;C
6179220605;;PONTOPHILUS FASCIATUS;;;;;C
6179220606;MUDDERREKE;PONTOPHILUS NORVEGICUS;;;;;C
61792207;;PHILOCHERAS;;;;;C
6179220701;;PONTOPHILUS TRISPINOSUS;;;;;C
6179220702;;PONTOPHILUS BISPINOSUS;;;;;C
61792209;;PRIONOCRANGON;;;;;C
6181;LANGHALEKREPS;ASTACOIDEA;LOBSTERS/CRAYFISH;;;;C
618101;;NEPHROPIDAE;LOBSTERS;;;;C
6181010202;HUMMER;HOMARUS GAMMARUS;EUROPEAN LOBSTER;;;;C
6181010301;SJØKREPS;NEPHROPS NORVEGICUS;NORWAY LOBSTER;;;;CE
6181060101;;ENOPLOMETOPUS ANTILLENSIS;;;;;C
6182;;PALINURA;;;;;C
618201;;PALINURIDAE;SPINY LOBSTERS;;;;C
61820101;;PANULIRUS;CRAWFISHES;;;;C
6182010102;;PANULIRUS GILCHRISTI;CRAWFISH;;;;C
6182013131;LANGUST;PANULIRUS ELEPHAS;COMMON SPINY LOBSTER;;;;C
618202;;SCYLLARIDAE;SLIPPER LOBSTERS;;;;C
6182020204;;SCYLLARIDES LATUS;SLIPPER LOBSTER;;;;C
6183;TROLLKREPS;ANOMURA;;;;;C
618302;;AXIIDAE;;;;;C
6183020202;;CALOCARIS MACANDREAE;;;;;C
618304;;CALLIANASSIDAE;;;;;C
6183040216;;CALLIANASSA STEBBINGI;;;;;C
618306;EREMITTKREPS;PAGURIDAE;HERMIT CRABS;;;;C
61830602;EREMITTKREPS;PAGURUS;HERMIT CRABS;;;;C
6183060228;EREMITTKREPS;PAGURUS BERNHARDUS;HERMIT CRAB;;;;C
6183060228;ST. BERNHARDKREPS;PAGURUS BERNHARDUS;HERMIT CRAB;;;;C
6183060234;EREMITTKREPS;PAGURUS PUBESCENS;;;;;C
6183060241;;PAGURUS PRIDEAUXI;;;;;
6183060249;EREMITTKREPS;PAGURUS PROVENZANOI;;;;;C
6183061401;;ANAPAGURUS CHIROACANTHYS;;;;;
6183061402;;ANAPAGURUS LEVIS;;;;;
618308;TROLLKRABBER;LITHODIDAE;STONE CRABS;;;;
6183080701;KONGEKRABBE;PARALITHODES CAMTSCHATICA;KING CRAB;;;;CLMNOP
61830808;TROLLKRABBER;LITHODES;STONE CRABS;;;;
6183080803;TROLLKRABBE;LITHODES MAJA;STONE CRAB;;;;CLMNOP
618310;;GALATHEIDAE;SQUAT LOBSTERS;;;;
61831001;TROLLHUMMER;MUNIDA;;;;;
6183100107;LANGFINGERKREPS;MUNIDA RUGOSA;;;;;
6183100122;;MUNIDA SARSI;SQUAT LOBSTER;;;;
6183100123;;MUNIDA TENUIMANA;SQUAT LOBSTER;;;;
6183100124;;MUNIDA LONGIPES;;;;;
61831003;;GALATHEA;SQUAT LOBSTERS;;;;
6183100302;;GALATHEA DISPERSA;;;;;
6183100303;;GALATHEA SQUAMIFERA;;;;;
6183100304;KRINAKRABBE;GALATHEA STRIGOSA;;;;;
6183100305;;GALATHEA INTERMEDIA;;;;;
6183100306;;GALATHEA NEXA;;;;;
618312;PORSELENSKRABBER;PORCELLANIDAE;PORCELAIN CRABS;;;;
61831205;;PORCELLANA;;;;;
6183120504;PORSELENSKRABBE;PORCELLANA LONGICORNIS;;;;;
6183170103;;UPOGEBIA DELTAURA;;;;;
6183170105;;UPOGEBIA STELLATA;;;;;
6184;KRABBER;BRACHYURA;;;;;
6185;;DROMIOIDEA;;;;;
618502;SVAMPKRABBER;DROMIIDAE;;;;;
6185020202;;DROMIA PERSONATA;SPONGE CRAB;;;;
618504;;HOMOLIDAE;;;;;
6185040201;HEKSEKRABBE;PAROMOLA CUVIERI;BOX CRAB;;;;
6186;;OXYSTOMATA;;;;;
618603;;LEUCOSIIDAE;NUT CRABS;;;;
6186030401;;EBALIA TUBEROSA;PENNANTS NUT-CRAB;;;;
6186030402;;EBALIA TUMEFACTA;BREYERS NUT-CRAB;;;;
6186030407;;EBALIA CRANCHI;CRANCHS NUT-CRAB;;;;
6187;;OXYRHYNCHA;;;;;
618701;;MAJIDAE;SPIDER CRABS;;;;
61870102;PYNTEKRABBER;HYAS;;;;;
6187010202;;HYAS COARCTATUS;CONTRACTED CRAB;;;;
6187010203;;HYAS ARANEUS;GREAT SPIDER CRAB;;;;
6187010301;SNØKRABBE;CHIONOECETES OPILIO;SNOW CRAB;;;;CLMNOP
6187011403;;ROCHINIA CARPENTERI;;;;;
61870126;;EURYNOME;;;;;
6187012601;;EURYNOME ASPERA;ROUGH CRAB;;;;
6187012602;;EURYNOME SPINOSA;;;;;
61870127;STANKELBEINSKRABBER;INACHUS;;;;;
6187012701;;INACHUS DORSETTENSIS;SCORPION SPIDER CRAB;;;;
6187012702;;INACHUS PHALANGIUM;LEACHS SPIDER CRAB;;;;
6187012703;;INACHUS LEPTOCHIRUS;SLENDER-LEG SPIDER CRAB;;;;
61870133;STANKELBEINSKRABBER;MACROPODIA;;;;;
6187013302;;MACROPODIA ROSTRATA;LONG-LEG SPIDER CRAB;;;;
6187013303;;MACROPODIA TENUIROSTRIS;SLENDER SPIDER CRAB;;;;
6187014001;;PISA ARMATA;GIBBS SPIDER CRAB;;;;
6187014101;;MAIA SQUINADO;SPINY SPIDER CRAB;;;;
6187014201;;DORHYNCHUS THOMSONI;;;;;
6187014301;;ACHAEUS CRANCHII;CRANCHS SPIDER CRAB;;;;
6188;;CANCRIDEA;CANCER CRABS;;;;
618801;;CORYSTIDAE;;;;;
6188010101;MASKEKRABBE;CORYSTES CASSIVELANUS;MASKED CRAB;;;;
618802;;ATELECYCLIDAE;;;;;
6188020301;;ATELECYCLUS ROTUNDATUS;CIRCULAR CRAB;;;;
618803;;CANCRIDAE;;;;;
61880301;;CANCER;;;;;
6188030110;TASKEKRABBE;CANCER PAGURUS;EDIBLE CRAB;;;;C
6188030111;;CANCER BELLANIUS;;;;;
618804;;PIRIMELIDAE;;;;;
6188040101;;PIRIMELA DENTICULATA;TOOTHED PIRIMELA;;;;
6189;;BRACHYRHYNCHA;;;;;
618901;;PORTUNIDAE;;;;;
6189010301;;CALLINECTES SAPIDUS;;;;;
61890106;;PORTUNUS;SWIMMING CRABS;;;;
6189010612;;PORTUNUS LATIPES;;;;;
6189010701;STRANDKRABBE;CARCINUS MAENAS;GREEN SHORE CRAB;;;;
61890109;SVØMMEKRABBER;MACROPIPUS;;;;;
6189010901;SVØMMEKRABBE;MACROPIPUS DUPURATOR;SWIMMING CRAB;;;;
6189010902;;MACROPIPUS HOLSATUS;FLYING CRAB;;;;
6189010903;;MACROPIPUS PUSILLUS;DWARF SWIMMING CRAB;;;;
6189010904;;MACROPIPUS ARCUATUS;ARCH-FRONT SWIMMING CRAB;;;;
6189010905;;MACROPIPUS TUBERCULATUS;;;;;
6189010906;FLØYELSKRABBE;MACROPIPUS PUBER;VELVET SWIMMING CRAB;;;;
6189010907;;MACROPIPUS MARMOREUS;MARBLED SWIMMING CRAB;;;;
618902;;XANTHIDAE;MUD CRABS;;;;
6189020901;;RHITHROPANOPEUS HARRISII;;;;;
6189021404;;PILUMNUS HIRTELLUS;BRISTLE (HAIRY) CRAB;;;;
6189021435;;PILUMNUS SPIRIFER;HAIRY CRAB;;;;
6189021701;;XANTHO PILIPES;RISSOS CRAB;;;;
6189021702;;XANTHO INCISUS;FURROWED CRAB;;;;
618904;RØDKRABBER;GERYONIDAE;RED CRABS;;;;
61890401;;GERYON;RED CRABS;;;;L
6189040102;RØDKRABBE;GERYON TRIDENS;RED CRAB;;;;
6189040103;;GERYON AFFINIS;DEEP-WATER RED CRAB;;;;
618905;;GONEPLACIDAE;;;;;
6189050304;;GONEPLAX RHOMBOIDES;ANGULAR CRAB;;;;
618906;ERTEKRABBER;PINNOTHERIDAE;PEA CRABS;;;;
6189060205;ERTEKRABBE;PINNOTHERES PISUM;PEA CRAB;;;;
6189060207;;PINNOTHERES PINNOTHERES;ANCIENT PEA CRAB;;;;
618907;;GRAPSIDAE;;;;;
6189070501;;PACHYGRAPSUS TRANSVERSUS;ROCK CRAB;;;;
6189070701;;PLANES MINUTUS;SARGASSUM CRAB;;;;
6189070801;;ERIOCHEIR SINENSIS;MITTEN CRAB;;;;
6189070901;;BRACHYNOTUS SEXDENTATUS;MEDITERRANEAN CRAB;;;;
618912;;THIIDAE;;;;;
6189120101;;THIA SCUTELLATA;POLISHED CRAB;;;;
6190;;HOPLOCARIDA;;;;;
6191;;STOMATOPODA;;;;;
619101;;SQUILLIDAE;;;;;
6191010110;;SQUILLA MANTIS;;;;;
62;INSEKTER;INSECTA I;INSECTS;;;;
6251;STEINFLUER;PLECOPTERA;;;;;
6271;TEGER;HETEROPTERA;;;;;
6282;PLANTESUGERE;HOMOPTERA;;;;;
6283;;AUCHENORRHYNCHA;;;;;
63;INSEKT;INSECTA II;INSECTS;;;;
6302;BILLER;COLEOPTERA;;;;;
64;INSEKT;INSECTA III;INSECTS;;;;
64060201;;CHAULIODES;;;;;
6481;TOVINGER;DIPTERA;;;;;
6482;MYGG;NEMATOCERA;;;;;
65;INSEKT;INSECTA IV;INSECTS;;;;
6550;ÅREVINGER;HYMENOPTERA;;;;;
6573;MAUR;SCOLIOIDEA;;;;;
66;;CHILOPODA;CENTIPEDES;;;;
67;;SYMPHYLA;PSEUDOCENTIPEDES;;;;
68;;DIPLOPODA;MILLIPEDES;;;;
69;;PAUROPODA;PAUROPODS;;;;
70;;ONYCHOPHORA;VELVET WORMS;;;;
71;;POGONOPHORA;BEARD WORMS;;;;
72;PØLSEORMER;SIPUNCULA;;;;;
720001;;SIPUNCULIDAE;;;;;
7200010101;;SIPUNCULUS NUDUS;;;;;
720002;;GOLFINGIIDAE;;;;;
7200020102;;GOLFINGIA MARGARITACEA;;;;;
7200020103;;GOLFINGIA VULGARIS;;;;;
7200020106;;GOLFINGIA MINUTA;;;;;
7200020201;;ONCHNESOMA SQUAMATUM;;;;;
7200020202;;ONCHNESOMA STEENSTRUPI;;;;;
7200020401;;PHASCOLION STROMBI;;;;;
720003;;ASPIDOSIPHONIDAE;;;;;
7200030105;;ASPIDOSIPHON MUELLERI;;;;;
73;SNABELORMER;ECHIURA;;;;;
7301;;ECHIUROIDEA;;;;;
7301012101;;HAMINGIA ARCTICA;;;;;
730102;;ECHIURIDAE;;;;;
7301020201;;ECHIURUS ECHIURUS;;;;;
74;PRESTEPIKK;PRIAPULIDA;;;;;
740001;;PRIAPULIDAE;;;;;
7400010101;;PRIAPULUS CAUDATUS;;;;;
75;BJØRNEDYR;TARDIGRADA;WATER BEARS;;;;
76;;PENTASTOMIDA;PENTASTOMES;;;;
77;;PHORONIDA;PHORONIDS;;;;
78;MOSDYR;ECTOPROCTA;SEA MATS;;;;
7801;;GYMNOLAEMATA;;;;;
7802;;CTENOSTOMATA;;;;;
7803;;CARNOSA;;;;;
780301;;ALCYONIDIIDAE;;;;;
7803010110;;ALCYONIDIUM GELATINOSUM;;;;;
7809;;ARTICULATA;;;;;
7814;;CHEILOSTOMATA;;;;;
7815;;ANASCA;;;;;
781502;;SCRUPARIIDAE;;;;;
7815020101;;EUCRATEA LORICATA;;;;;
781506;;FLUSTRIDAE;;;;;
7815060103;;FLUSTRA FOLIACEA;;;;;
7815060301;;SECURIFLUSTRA SECURIFRONS;;;;;
781528;;SCRUPOCELLARIIDAE;;;;;
7816;;ASCOPHORA;;;;;
781615;;RETEPORIDAE;;;;;
7816150501;;SERTELLA BEANIANA;;;;;
79;;ENTOPROCTA;;;;;
80;ARMFØTTINGER;BRACHIOPODA;LAMP SHELLS;;;;
8008;;INARTICULATA;;;;;
8011;;ACROTRETIDA;;;;;
801202;;DISCINIDAE;;;;;
8012020101;;PELAGODISCUS ATLANTICUS;;;;;
801302;;CRANIIDAE;;;;;
8013020101;;CRANIA ANOMALA;;;;;
8015;;RHYNCHONELLIDA;;;;;
801504;;HEMITHYRIDIDAE;;;;;
8015040101;;HEMITHIRIS PSITTACEA;;;;;
801702;;TEREBRATULIDAE;;;;;
8017020101;;GRYPHUS VITREUS;;;;;
801705;;CANCELLOTHYRIDIDAE;;;;;
8017050105;;TEREBRATULINA RETUSA;;;;;
801802;;MEGATHYRIDIDAE;;;;;
8018020101;;ARGYROTHECA CISTELLULA;;;;;
801803;;PLATIDIIDAE;;;;;
8018030101;;PLATIDIA ANOMIOIDES;;;;;
801805;;DALLINIDAE;;;;;
8018050101;;DALLINA SEPTIGERA;;;;;
81;PIGGHUDER;ECHINODERMATA;STARFISH/SEA URCHINS;;;;
8104;SJØSTJERNER;ASTEROIDEA;STARFISHES;;;;
8105;;PLATYASTERIDA;;;;;
810501;;LUIDIIDAE;;;;;
8105010105;;LUIDIA SARSI;;;;;
8105010106;;LUIDIA CILIARIS;;;;;
8106;;PAXILLOSIDA;;;;;
810601;KAMSTJERNER;ASTROPECTINIDAE;;;;;
8106010304;;PSILASTER ANDROMEDA;;;;;
8106010401;;BATHYBIASTER VEXILLIFER;;;;;
8106010508;;ASTROPECTEN IRREGULARIS;;;;;
8106010509;;ASTROPECTEN AURANTCIACUS;;;;;
8106010701;;DYTASTER GRANDIS;;;;;
8107020101;;CTENODISCUS CRISPATUS;;;;;
8108;;NOTOMYOTINA;;;;;
810801;;BENTHOPECTINIDAE;;;;;
8108010104;;BENTHOPECTEN ARMATUS;;;;;
8108010501;;PONTASTER TENUISPINUS;;;;;
8109;;VALVATIDA;;;;;
8111;;GRANULOSINA;;;;;
811104;;GONIASTERIDAE;;;;;
8111040107;SJØKJEKS;CERAMASTER GRANULARIS;;;;;
8111040109;;CERAMASTER PLACENTA;;;;;
8111040404;;HIPPASTERIA PHRYGIANA;;;;;
8111040602;;PSEUDARCHASTER PARELII;;;;;
811106;;OPHIODIASTERIDAE;;;;;
8111060402;;OPHIDIASTER OPHIDIANUS;;;;;
8112;;SPINULOSIDA;;;;;
8113;;EUGNATHINA;;;;;
811301;SOLSTJERNER;SOLASTERIDAE;;;;;
8113010103;RØDSOL;CROSSASTER PAPPOSUS;;;;;
8113010103;VANLIG RØDSOL;SOLASTER PAPPOSUS;;;;;
81130103;;SOLASTER;;;;;
8113010302;BLÅSOL;SOLASTER ENDECA;;;;;
811304;;PTERASTERIDAE;;;;;
8113040204;;HYMENASTER PELLUCIDUS;;;;;
8113040205;;HYMENASTER MEMBRANACEUS;;;;;
8113040302;;PTERASTER MILITARIS;;;;;
8113040303;;PTERASTER OBSCURUS;;;;;
8114;;LEPTOGNATHINA;;;;;
811401;;ASTERINIDAE;;;;;
8114010102;;ASTERINA GIBBOSA;CUSHION STAR;;;;
8114010301;;ANSEROPODA PLACENTA;GOOSE-FOOT STAR;;;;
811403;;PORANIIDAE;;;;;
8114030201;;PORANIOMORPHA TUMIDA;;;;;
8114030202;;PORANIOMORPHA HISPIDA;;;;;
8114030302;SYPUTE;PORANIA PULVILLUS;;;;;
811404;;ECHINASTERIDAE;;;;;
81140401;;HENRICIA;;;;;
8114040111;;HENRICIA SANGUINOLENTA;;;;;
8114040116;;HENRICIA OCULATA;;;;;
8114040303;;ECHINASTER SEPOSITUS;;;;;
8115;;FORCIPULATIDA;;;;;
8116;;ASTERIADINA;;;;;
811702;;ZOROASTERIDAE;;;;;
811703;;ASTERIIDAE;;;;;
8117030205;VANLIG KORSTROLL;ASTERIAS RUBENS;COMMON STARFISH;;;;
8117030416;;LEPTASTERIAS MUELLERI;;;;;
8117030701;;URASTERIAS LINCKI;;;;;
8117031701;;MARTHASTERIAS GLACIALIS;SPINY STARFISH;;;;
8117032001;FINPIGGET SJØSTJERNE;STICHASTRELLA ROSEA;;;;;
8120;SLANGESTJERNER;OPHIUROIDEA;BRITTLE STARS;;;;
8124010101;;OPHIOSCOLEX GLACIALIS;;;;;
812503;MEDUSASTJERNER;GORGONOCEPHALIDAE;;;;;
8126;;OPHIURIDA;;;;;
8127;;CHILOPHIURINA;;;;;
812701;;OPHIOLEPIDIDAE;BRITTLE STARS;;;;
8127010401;;OPHIOCTEN SERICEUM;;;;;
81270106;;OPHIURA;;;;;
8127010610;;OPHIURA SARSI;;;;;
8127010612;;OPHIURA ALBIDA;;;;;
8127010613;;OPHIURA AFFINIS;;;;;
8127010614;;OPHIURA TEXTURATA;;;;;
8127010701;;OPHIOMUSIUM LYMANI;;;;;
812703;;OPHIOCOMIDAE;;;;;
8127030201;SVARTSTJERNE;OPHIOCOMINA NIGRA;;;;;
812705;;OPHIODERMATIDAE;;;;;
8127050107;;OPHIODERMA LONGICAUDA;;;;;
812801;;OPHIACANTHIDAE;;;;;
8128010105;;OPHIACANTHA BIDENTATA;;;;;
8129;;GNATHOPHIURINA;;;;;
812902;;OPHIACTIDAE;;;;;
8129020101;;OPHIOPHOLIS ACULEATA;;;;;
812903;;AMPHIURIDAE;;;;;
8129030202;;AMPHIPHOLIS SQUAMATA;;;;;
8129031002;;AMPHIURA SUNDEVALLI;;;;;
8129031005;;AMPHIURA CHIAJEI;;;;;
8129031006;;AMPHIURA FILIFORMIS;;;;;
8129031008;;AMPHIURA SECURIGERA;;;;;
812904;;OPHIOTHRICIDAE;;;;;
8129040103;;OPHIOTHRIX FRAGILIS;COMMON BRITTLE STAR;;;;
8135;SJØPIGGSVIN;ECHINOZOA;SEA URCHINS;;;;
8136;SJØPINNSVIN;ECHINOIDEA;SEA URCHINS;;;;
8138;REGULÆRE SJØPIGGSVIN;CIDAROIDA;;;;;
813801;;CIDARIDAE;;;;;
8138010301;;STYLOCIDARIS AFFINIS;;;;;
8138010402;;CIDARIS CIDARIS;;;;;
8147;;ARBACIOIDA;;;;;
814701;;ARBACIIDAE;;;;;
8147010102;;ARBACIA LIXULA;;;;;
8149;KRÅKEBOLLER;ECHINOIDA;SEA URCHINS;;;;
814901;KRÅKEBOLLEFAMILIEN;ECHINIDAE;;;;;
8149010201;KRÅKEBOLLE;ECHINUS ESCULENTUS;EDIBLE SEA URCHIN;;;;
8149010201;LANGPIGGET KRÅKEBOLLE;ECHINUS ACUTUS;EDIBLE SEA URCHIN;;;;
8149010203;;ECHINUS MELO;;;;;
8149010204;;ECHINUS AFFINIS;DEAP-SEA URCHIN;;;;
8149010301;;PSAMMECHINUS MILIARIS;;;;;
814903;;STRONGYLOCENTROTIDAE;;;;;
81490302;;STRONGYLOCENTROTUS;;;;;
8149030201;;STRONGYLOCENTROTUS DROEBA;;;;;
8152;;CLYPEASTEROIDA;;;;;
8154;;LAGANINA;;;;;
815401;;FIBULARIIDAE;;;;;
8154010101;;ECHINOCYAMUS PUSILLUS;;;;;
8160;IRREGULÆRE KRÅKEBOLLER;SPATANGOIDA;;;;;
81620401;;BRISASTER;;;;;
8162040102;;BRISASTER FRAGILIS;;;;;
8163;;MICRASTERINA;;;;;
816301;;BRISSIDAE;;;;;
8163010303;;BRISSOPSIS LYRIFERA;LYRE-URCHIN;;;;
8163010401;;BRISSUS UNICOLOR;;;;;
816302;;SPATANGIDAE;;;;;
8163020101;;SPATANGUS PURPUREUS;PURPLE HEART URCHIN;;;;
8163020102;;SPATANGUS RASCHII;HEART URCHIN;;;;
816303;;LOVENIIDAE;;;;;
8163030101;VANLIG SJØMUS;ECHINOCARDIUM CORDATUM;SEA POTATO;;;;
8163030102;;ECHINOCARDIUM FLAVESCENS;;;;;
8163030103;;ECHINOCARDIUM PENNATIFIDU;;;;;
8170;SJØPØLSER;HOLOTHUROIDEA;SEA CUCUMBERS;;;;
8171;;DENDROCHIROTACEA;;;;;
8172;;DENDROCHIROTIDA;;;;;
817203;;PSOLIDAE;;;;;
81720302;;PSOLUS;;;;;
8172030205;;PSOLUS PHANTAPUS;;;;;
8172040103;;PHYLLOPHORUS SEGUROENSIS;;;;;
817206;;CUCUMARIIDAE;;;;;
81720601;;CUCUMARIA;;;;;
8172060104;BRUNPØLSE;CUCUMARIA FRONDOSA;;;;;
8172060118;;CUCUMARIA ELONGATA;;;;;
8172060120;;CUCUMARIA NORMANI;;;;;
8172060504;;THYONE INERMIS;;;;;
8172060505;;THYONE FUSUS;;;;;
81720606;;THYONIDIUM;;;;;
8174;;ASPIDOCHIROTACEA;;;;;
8175;;ASPIDOCHIROTIDA;;;;;
817502;;STICHOPODIDAE;;;;;
8175020201;RØDPØLSE;STICHOPUS TREMULUS;;;;;
8175020202;;STICHOPUS FUSCUS;;;;;
8175020203;;STICHOPUS REGALIS;;;;;
8177;;APODACEA;;;;;
8178;;APODIDA;;;;;
817801;ORMEPØLSER;SYNAPTIDAE;;;;;
8178010102;;LABIDOPLAX DIGITATA;;;;;
8178010201;GLASSPØLSE;LEPTOSYNAPTA INHAERENS;;;;;
81780302;;MYRIOTROCHUS;;;;;
817901;;MOLPADIIDAE;;;;;
8179010102;;MOLPADIA OOLITICA;;;;;
8179010201;;EUPYRGUS SCABER;;;;;
8185;SJØLILJER;CRINOZOA;;;;;
8186;SJØLILJER;CRINOIDEA;;;;;
8189;;COMATULIDA;;;;;
8191;;MACROPHREATA;;;;;
819101;;ANTEDONIDAE;;;;;
8191010401;;ANTEDON BIFIDA;FEATHER STAR;;;;
8191010701;;LEPTOMETRA CELTICA;;;;;
82;HEMICHORDATER;HEMICHORDATA;;;;;
8201;;ENTEROPNEUSTA;;;;;
820102;;PTYCHODERIDAE;;;;;
8201020102;;BALANOGLOSSUS CLAVIGERUS;ACORN WORM;;;;
83;PILORMER;CHAETOGNATHA;ARROW WORMS;;;;
83030101;;SAGITTA;;;;;
8303010103;;SAGITTA ELEGANS;ARROW WORM;;;;
8303010123;;SAGITTA SETOSA;ARROW WORM;;;;
83060301;;EUKROHNIA;;;;;
8306030101;;EUKROHNIA HAMATA;ARROW WORM;;;;
83080101;;SAGITTA;;;;;
8308010701;;SAGITTA ELEGANS;ARROW WORM;;;;
8308010707;;SAGITTA SETOSA;ARROW WORM;;;;
8308010803;;SAGITTA MAXIMA;;;;;
8388;RYGGSTRENGDYR;CHORDATA;;;;;
84;KAPPEDYR;UROCHORDATA;;;;;
8401;SEKKEDYR;ASCIDIACEA;SEA SQUIRTS;;;;
8402;;ENTEROGONA;;;;;
8403;;APLOUSOBRANCHIA;;;;;
840301;;CLAVELINIDAE;;;;;
8403010203;;CLAVELINA LEPADIFORMIS;;;;;
8403010405;;ARCHIDISTOMA AGGREGATUM;;;;;
840302;;POLYCLINIDAE;;;;;
8403020103;;AMAROUCIUM GLABRUM;;;;;
8403020114;;APLIDIUM PELLUCIDUM;;;;;
8403020201;;SYNOICUM PULMONARIA;;;;;
8403020403;;POLYCLINUM AURANTIUM;;;;;
8403020802;;SIDNYUM TURBINATUM;;;;;
840303;;DIDEMNIDAE;;;;;
8403030104;;DIDEMNUM HELGOLANDICUM;;;;;
8403030402;;DIPLOSOMA LISTERIANUM;;;;;
8404;;PHLEBOBRANCHIA;;;;;
840401;;CIONIDAE;;;;;
8404010101;;CIONA INTESTINALIS;;;;;
840402;;DIAZONIDAE;;;;;
8404020201;;DIAZONA VIOLACEA;;;;;
840403;;PEROPHORIDAE;;;;;
8404030103;;PEROPHORA LISTERI;;;;;
840404;;CORELLIDAE;;;;;
8404040203;;CORELLA PARALLELOGRAMMA;;;;;
840405;;ASCIDIIDAE;;;;;
8404050101;;ASCIDIA PRUNUM;;;;;
8404050103;;ASCIDIA OBLIQUA;;;;;
8404050108;;ASCIDIA MENTULA;;;;;
8404050109;;ASCIDIA CONCHILEGA;;;;;
8404050110;;ASCIDIA VIRGINEA;;;;;
8404050201;;ASCIDIELLA ASPERSA;;;;;
8404050202;;ASCIDIELLA SCABRA;;;;;
8405;;PLEUROGONA;;;;;
8406;;STOLIDOBRANCHIA;;;;;
840601;;STYELIDAE;;;;;
8406010303;;CNEMIDOCARPA MOLLIS;;;;;
8406010404;;DENDRODOA GROSSULARIA;;;;;
8406010502;;STYELA CORIACEA;;;;;
8406010509;;STYELA PARTITA;;;;;
8406010601;;PELONAIA CORRUGATA;;;;;
8406010801;;POLYCARPA FIBROSA;;;;;
8406010803;;POLYCARPA POMARIA;;;;;
840602;;PYURIDAE;;;;;
8406020105;;PYURA TESSELLATA;;;;;
8406020202;;BOLTENIA ECHINATA;;;;;
8406020701;;MICROCOSMUS CLAUDICANS;;;;;
840603;;MOLGULIDAE;;;;;
8406030108;;MOLGULA MANHATTENSIS;;;;;
8406030111;;MOLGULA CITRINA;;;;;
8406030112;;MOLGULA OCULATA;;;;;
8406030114;;MOLGULA COMPLANATA;;;;;
8406030402;;EUGYRA ARENOSA;;;;;
8407;SALPER;THALIACEA;SALPS;;;;
8411;;SALPIDA;;;;;
841101;;SALPIDAE;;;;;
8412;APPENDIKULARIER;LARVACEA;APPENDICULARIANS;;;;
8413;;COPELATA;;;;;
841301;;OIKOPLEURIDAE;;;;;
84130101;;OIKOPLEURA;;;;;
8413010101;;OIKOPLEURA DIOICA;;;;;
8413010102;;OIKOPLEURA LABRADORIENSIS;;;;;
8413010103;;OIKOPLEURA VANHOEFFENI;;;;;
841302;;FRITILLARIDAE;;;;;
84130201;;FRITILLARIA;;;;;
8413020101;;FRITILLARIA BOREALIS;;;;;
85;LANSETTFISKER;CEPHALOCHORDATA;;;;;
850001;LANSETTFISKFAMILIEN;BRANCHIOSTOMIDAE;;;;;
8500010106;LANSETTFISK;AMPHIOXUS LANCEOLATUS;LANCET;;;;
86;KJEVELØSE FISKER;AGNATHA;FISH WITHOUT JAWS;;;;
8603;NIØYER;PETROMYZONIFORMES;HAGFISHES AND LAMPREYS;;;;
860301;NIØYEFAMILIEN;PETROMYZONTIDAE;LAMPREYS;90;;;E
8603010201;ARKTISK NIØYE;LAMPETRA JAPONICA;ARCTIC LAMPREY;;;;E
8603010217;ELVENIØYE;LAMPETRA FLUVIATILIS;RIVER LAMPREY;;;;E
8603010218;BEKKENIØYE;LAMPETRA PLANERI;BROOK LAMPREY;;;;E
8603010301;HAVNIØYE;PETROMYZON MARINUS;SEA LAMPREY;;;;E
8606;SLIMÅLER;MYXINIFORMES;HAGFISHES;;;;E
860601;SLIMÅLFAMILIEN;MYXINIDAE;HAGFISHES;;;;E
8606010201;SLIMÅL;MYXINE GLUTINOSA;HAGFISH;;;;E
87;FISK MED KJEVER I;GNATHOSTOMATA;FISH WITH JAWS I;;;;
8703;HAIER;SELACHIMORPHA;SHARKS. SKATES. RAYS;;;;E
8705;SEKS-OG SJUGJELLETE HAIER;HEXANCHIFORMES;;;;;E
870501;KRAGEHAIFAMILIEN;CHLAMYDOSELACHIDAE;;;;;E
8705010101;KRAGEHAI;CHLAMYDOSELACHUS ANGUINEU;FRILLED SHARK;;;;E
870502;KAMTANNHAIFAMILIEN;HEXANCHIDAE;;;;;E
8705020101;KAMTANNHAI;HEXANCHUS GRISEUS;SIX-GILLED SHARK;;;;E
8706;GRÅHAIER;LAMNIFORMES;  TOPE;;;;E
870704;HÅBRANNFAMILIEN;LAMNIDAE;;;;;E
8707040302;HÅBRANN;LAMNA NASUS;PORBEAGLE SHARK;;;;E
8707040401;REVEHAI;ALOPIAS VULPINUS;TRESHER SHARK;;;;E
8707040501;MAKRELLHAI;ISURUS OXYRINCHUS;SHORTFIN MAKO;;;;E
8707120101;BRUGDE;CETORHINUS MAXIMUS;BASKING SHARK;;;;E
8708;RØDHAIER;SCYLIORHINOIDEI;;;;;E
870801;RØDHAIFAMILIEN;SCYLIORHINIDAE;CATSHARKS;;;;E
8708010203;HÅGJEL;GALEUS MELASTOMUS;BLACKMOUTHED DOGFISH;80;;;E
87080103;RØDHAISLEKTEN;SCYLIORHINUS;DOGFISHES;;;;E
8708010306;SMÅFLEKKET RØDHAI;SCYLIORHINUS CANICULA;SMALLSPOTTED CATFISH;100;;;E
8708010307;STORFLEKKET RØDHAI;SCYLIORHINUS STELLARIS;NURSEHOUND;;;;E
870802;GRÅHAIFAMILIEN;CARCHARHINIDAE;REQUIEM SHARK;;;;E
8708020102;GRÅHAI;GALEORHINUS GALEUS;TOPE SHARK;170;;;E
8708020201;TIGERHAI;GALEOCERDO CUVIER;TIGER SHARK;;;;E
87080204;GLATTHAISLEKTEN;MUSTELUS;;;;;E
8708020408;HVITFLEKKET GLATTHAI;MUSTELUS ASTERIAS;STARRY SMOOTHHOUND;;;;E
8708020409;GLATTHAI;MUSTELUS MUSTELUS;SMOOTHHOUND;;;;E
8708020601;BLÅHAI;PRIONACE GLAUCA;BLUE SHARK;;;;E
870803;HAMMERHAIFAMILIEN;SPHYRNIDAE;HAMMERHEAD SHARKS;;;;E
87080301;HAMMERHAISLEKTEN;SPHYRNA;;;;;E
8708030102;HAMMERHAI;SPHYRNA ZYGAENA;SMOOTH HAMMERHEAD;;;;E
8708030103;;SPHYRNA LEWINI;SCALLOPED HAMMERHEAD;;;;E
8708030105;;SPHYRNA TUDES;SMALLEYE HAMMERHEAD;;;;E
8708070101;KATTEHAI;PSEUDOTRIAKIS MICRODON;FALSE CATSHARK;;;;E
8709;HÅER;SQUALIFORMES;;;;;E
871001;HÅFAMILIEN;SQUALIDAE;DOGFISH SHARKS;;;;E
8710010102;HÅKJERRING;SOMNIOSUS MICROCEPHALUS;GREENLAND SHARK;;;;E
87100102;PIGGHÅSLEKTEN;SQUALUS;;;;;E
8710010201;PIGGHÅ;SQUALUS ACANTHIAS;SPURDOG;123;;;E
8710010204;;SQUALUS FERNANDINUS;BLAINVILLE'S DOGFISH;;;;E
87100105;SVARTHÅSLEKTEN;ETMOPTERUS;;;;;E
8710010503;STOR SVARTHÅ;ETMOPTERUS PRINCEPS;GREATER LANTERN SHARK;;;;E
8710010510;SVARTHÅ;ETMOPTERUS SPINAX;VELVET BELLY;60;;;E
87100107;TORNHÅSLEKTEN;OXYNOTUS;;;;;E
8710010702;;OXYNOTUS CENTRINA;ANGULAR ROUGH SHARK;;;;E
8710010703;TORNHÅ;OXYNOTUS PARADOXUS;SAILFIN ROUGHSHARK;;;;E
8710010901;ISLANDSHÅ;CENTROSCYLLIUM FABRICII;BLACK DOGFISH;;;;E
87100112;;CENTROSCYMNUS;;;;;E
8710011201;DYPVANNSHÅ;CENTROSCYMNUS COELOLEPIS;PORTUGUESE DOGFISH;;;;E
8710011202;BUNNHÅ;CENTROSCYMNUS CREPIDATER;LONGNOSE VELVET DOGFISH;;;;E
8710011401;GRÅHÅ;DEANIA CALCEUS;BIRDBEAK DOGFISH;;;;E
8710011501;BRUNHÅ;LEPIDORHINUS DENTICULATUS;;;;;E
8710011601;KORTPIGGET HÅ;SCYMNODON RINGENS;KNIFETOOTH DOGFISH;;;;E
8710011701;SPANSK HÅKJERRING;SCYMNORHINUS LICHI;DARKIE CHARLIE;;;;E
8710030101;TAGGHAI;ECHINORHINUS BRUCUS;BRANBLE SHARK;;;;E
8711;HAVENGLER;SQUATINOIDEI;ANGEL SHARKS;;;;E
871101;HAVENGELFAMILIEN;SQUATINIDAE;ANGEL SHARKS;;;;E
8711010103;HAVENGEL;SQUATINA SQUATINA;ANGELSHARK;;;;E
8713;SKATER;RAJIFORMES;SKATES AND RAYES;;;;E
871303;EL-ROKKEFAMILIEN;TORPEDINIDAE;ELECTRIC RAYS;;;;E
87130301;EL-ROKKESLEKTEN;TORPEDO;ELECTRIC RAYS;;;;E
8713030102;SVART EL-ROKKE;TORPEDO NOBILIANA;ELECTRIC RAY;;;;E
8713030105;FLEKKET EL-ROKKE;TORPEDO MARMORATA;MARBLED ELECTRIC RAY;;;;E
871304;SKATEFAMILIEN;RAJIDAE;SKATES AND RAYES;;;;E
87130401;SKATESLEKTEN;RAJA;RAYS;;;;E
8713040134;KLOSKATE;RAJA RADIATA;STARRY SKATE;90;;;E
8713040138;PRIKKSKATE;RAJA BRACHYURA;BLONDE RAY;;;;E
8713040140;SPETTESKATE;RAJA MICROOCELLATA;SMALL-EYED RAY;;;;E
8713040141;FLEKKSKATE;RAJA MONTAGUI;SPOTTED RAY;;;;E
8713040142;ISSKATE;RAJA HYPERBOREA;ARCTIC SKATE;;;;E
8713040143;STORSKATE;RAJA BATIS;SKATE;240;;;E
8713040144;SVARTSKATE;RAJA NIDAROSIENSIS;NORWEGIAN SKATE;;;;E
8713040145;SPISSKATE;RAJA OXYRINCHUS;LONGNOSED SKATE;;;;E
8713040146;NEBBSKATE;RAJA FULLONICA;SHAGREEN RAY;;;;E
8713040147;SANDSKATE;RAJA CIRCULARIS;SANDY RAY;130;;;E
8713040148;GJØKSKATE;RAJA NAEVUS;CUCKOO RAY;;;;E
8713040150;RUNDSKATE;RAJA FYLLAE;ROUND RAY;;;;E
8713040151;BURTON-SKATE;RAJA ALBA;WHITE SKATE;;;;E
8713040153;HVITSKATE;RAJA LINTEA;SAILRAY;119;;;E
8713040158;BØLGESKATE;RAJA UNDULATA;UNDULATE RAY;;;;E
8713040159;PIGGSKATE;RAJA CLAVATA;THORNBACK RAY;120;;;E
87130408;GRÅSKATESLEKTEN;BATHYRAJA;;;;;E
8713040803;GRÅSKATE;BATHYRAJA SPINICAUDA;SPINETAIL;;;;E
871305;PILSKATEFAMILIEN;DASYATIDAE;STINGRAYS;;;;E
8713050111;PILSKATE;DASYATIS PASTINACA;COMMON STING RAY;;;;E
871307;ØRNESKATEFAMILIEN;MYLIOBATIDAE;EAGLE RAYS;;;;E
8713070204;ØRNESKATE;MYLIOBATIS AQUILA;COMMON EAGLE RAY;;;;E
8714;HELHODER;HOLOCEPHALI;;;;;E
8715;HAVMUSER;CHIMAERIFORMES;;;;;E
871602;HAVMUSFAMILIEN;CHIMAERIDAE;RABBITFISHES;;;;E
8716020103;BLÅVINGET HAVMUS;HYDROLAGUS MIRABILIS;LARGE-EYED RABBITFISH;;;;E
8716020202;HAVMUS;CHIMAERA MONSTROSA;RABBIT FISH;150;;;H
8717;BEINFISKER;OSTEICHTHYES;;;;;E
8727;STRÅLEFINNEFISKER;ACTINOPTERYGII;;;;;E
8729;STØRER;ACIPENSERIFORMES;STURGEONS;;;;E
872901;STØRFAMILIEN;ACIPENSERIDAE;STURGEONS;;;;E
8729010107;STØR;ACIPENSER STURIO;STURGEON;;;;E
8735;EGENTLIGE BEINFISKER;TELEOSTEI;TELEOSTS;;;;E
8735;UBESTEMT FISK;TELEOSTEI;TELEOSTS;;;;E
8736;;ELOPOMORPHA;;;;;E
8740;ÅLEFISKER;ANGUILLIFORMES;EELS;;;;E
874101;ÅLEFAMILIEN;ANGUILLIDAE;EELS;;;;E
8741010102;ÅL;ANGUILLA ANGUILLA;EUROPEAN EEL;;;;E
874105;MURENEFAMILIEN;MURAENIDAE;MORAY EELS;;;;E
8741050505;MURENE;MURAENA HELENA;MORAY EEL;;;;E
87411101;;NESSORHAMPHUS;;;;;
874112;HAVÅLFAMILIEN;CONGRIDAE;CONGER EELS;;;;E
8741120111;HAVÅL;CONGER CONGER;EUROPEAN CONGER EEL;;;;E
8741150104;KNIVÅL;SYNAPHOBRANCHUS KAUPI;;;;;E
874118;;DERICHTHYIDAE;;;;;
87411801;;DERICHTHYS;;;;;E
8741180101;;DERICHTHYS SERPENTINUS;;;;;E
8741180101;;DERICHTHYS SERPENTINUS;;;;;E
8741200102;NEBBÅL;SERRIVOMER BEANI;SHORTNOSED SNIPE EEL;;;;E
874121;SNEPPEÅLFAMILIEN;NEMICHTHYIDAE;SNIPE EELS;;;;E
87412101 ;;NEMICHTHYS;;;;;
8741210202;SNEPPEÅL;NEMICHTHYS SCOLOPACEUS;SNIPE EEL;;0.009;2.00;E
8743;PIGGÅLER;NOTACANTHIFORMES;;;;;E
874303;PIGGÅLFAMILIEN;NOTACANTHIDAE;SPINY EELS;;;;E
8743030301;NORDLIG PIGGÅL;NOTACANTHUS CHEMNITZII;CHEMNIT'S SPINY-EEL;;;;E
8745;SILDEFISKER;CLUPEIFORMES;;;;;E
874701;SILDEFAMILIEN;CLUPEIDAE;HERRINGS;;;;E
87470101;;ALOSA;SHADS;;;;E
8747010107;MAISILD;ALOSA ALOSA;ALLIS SHAD;;;;E
8747010109;STAMSILD;ALOSA FALLAX;TWAITE SHAD;;;;E
8747010201;SILD;CLUPEA HARENGUS;ATLANTIC HERRING;50;0.24;1.60;E
874701020103;NORSK VÅRGYTENDE SILD;CLUPEA HARENGUS;NORWEGIAN SPRING-SPAWNING HERRING;50;0.24;1.60;E
874701020105;NORDSJØSILD;CLUPEA HARENGUS;NORTH SEA HERRING;45;0.24;1.60;E
874701020107;KVITSJØSILD;CLUPEA HARENGUS;WHITE SEA HERRING;45;0.24;1.60;E
874701020107;TRONDHEIMSFJORDSILD;CLUPEA HARENGUS;TRONDHEIMSFJORD HERRING;45;0.24;1.60;E
874701020114;ROMSDALSFJORDSILD;CLUPEA HARENGUS;ROMSDALSFJORD HERRING;45;0.24;1.60;E
8747011701;BRISLING;SPRATTUS SPRATTUS;SPRAT;20;0.24;1.30;E
8747012201;SARDIN;SARDINA PILCHARDUS;EUROPEAN PILCHARD;;;;E
874702;ANSJOSFAMILIEN;ENGRAULIDAE;ANCHOVIES;;;;E
8747020104;ANSJOS;ENGRAULIS ENCRASICOLUS;EUROPEAN ANCHOVY;20;;;E
8754;LAKSEFISKER;SALMONIFORMES;;;;;E
875501;LAKSEFAMILIEN;SALMONIDAE;SALMONS;;;;E
87550101;;COREGONUS;WHITEFISH;;;;E
8755010115;SIK;COREGONUS LAVARETUS;HOUTING;;;;E
8755010116;LAGESILD;COREGONUS ALBULA;VENDACE;;;;E
87550102;;ONCORHYNCHUS;PINK SALMON;;;;E
8755010201;PUKKELLAKS;ONCORHYNCHUS GORBUSCHA;PINK SALMON;;;;E
8755010202;KETALAKS;ONCORHYNCHUS KETA;CHUM SALMON;;;;E
8755010211;REGNBUEAURE;SALMO GAIRDNERI;RAINBOW TROUT;;;;IE
87550103;;SALMO;TROUTS;;;;E
8755010305;LAKS;SALMO SALAR;ATLANTIC SALMON;120;0.36;1.80;IE
8755010306;AURE;SALMO TRUTTA;TROUT;;;;IE
8755010306;FINPRIKKAURE;SALMO TRUTTA;FINESPOTTED TROUT;;;;IE
87550104;RØYESLEKTEN;SALVELINUS;CHARS;;;;E
8755010402;RØYE;SALVELINUS ALPINUS;CHARR;;;;E
8755010404;BEKKERØYE;SALVELINUS FONTINALIS;BROOK CHARR;;;;E
8755010704;HARR;THYMALLUS THYMALLUS;GRAYLING;;;;E
875503;LODDEFAMILIEN;OSMERIDAE;;;;;E
8755030201;LODDE;MALLOTUS VILLOSUS;CAPELIN;40;0.17;1.30;E
8755030301;KRØKLE;OSMERUS EPERLANUS;SMELT;;;;E
8756;VASSILDFISKER;ARGENTINOIDEI;;;;;E
875601;VASSILDFAMILIEN;ARGENTINIDAE;ARGENTINES;;;;E
87560101;;NANSENIA;;;;;E
8756010102;SØLVSMELT;NANSENIA GROENLANDICA;GREENLAND ARGENTINE;;;;JE
8756010103;;NANSENIA ARDESIACA;FORGOTTEN ARGENTINE;;;;E
8756010103;;NANSENIA OBLITA;FORGOTTEN ARGENTINE;;;;E
87560102;VASSILDSLEKTEN;ARGENTINA;;;;;E
8756010203;VASSILD;ARGENTINA SILUS;GREATER ARGENTINE;70;;;E
8756010209;STRØMSILD;ARGENTINA SPHYRAENA;ARGENTINE;30;;;E
875602;;BATHYLAGIDAE;;;;;E
8756020108;;BATHYLAGUS BERICOIDES;;;;;E
8756020110;SVARTSMELT;BATHYLAGUS EURYOPS;GOITER BLACKSMELT;;;;E
875603;;OPISTHOPROCTIDAE;;;;;E
87560303;;OPISTHOPROCTUS;;;;;
875604;;SEARSIIDAE;;;;;E
875604;;PLATYTROCTIDAE;;;;;JE
87560402;;MAULISIA;;;;;E
8756040101;STORØYET SKULDERLYSFISK;HOLTBYRNIA MACROPS;;;;;E
8756040103;KOEFOEDS SKULDERLYSFISK;SEARSIA KOEFOEDI;;;;;E
8756040104;SCHNAKENBECKS SKULDERLYSFISK;SAGAMICHTYS SCHNAKENBECKI;;;;;E
8758;GJEDDEFISKER;ESOCOIDEI;;;;;E
875801;GJEDDEFAMILIEN;ESOCIDAE;;;;;E
8758010101;GJEDDE;ESOX LUCIUS;EUROPEAN PIKE;;;;E
8759;LAKSESILDFISKER;STOMIOIDEI;;;;;E
875901;LAKSESILDFAMILIEN;GONOSTOMATIDAE;LIGHTFISHES;;;;E
87590101;LAKSESILDSLEKTEN;CYCLOTHONE;;;;;E
8759010106;SVART LYSFISK;CYCLOTHONE MICRODON;VEILED BRISTLEMOUTH;;;;E
87590104;;GONOSTOMA;;;;;
8759010401;;GONOSTOMA ATLANTICUM;;;;;
8759010402;STOR LAKSESILDING;GONOSTOMA BATHYPHILUM;;;;;E
8759010403;;GONOSTOMA ELONGATUM;;;;;E
8759010403;;GONOSTOMA ELONGATUM;;;;;E
8759010501;LAKSESILD;MAUROLICUS MUELLERI;PEARLSIDE;9;;;J
8759010701;;POLYMETME CORYTHAEOLA;;;;;E
8759010801;;VINCIGUERRIA  ATTENUATA;;;;;E
8759010901;;BONAPARTIA PEDALIOTA;;;;;E
8759011001;;ICHTHYOCOCCUS OVATUS;;;;;E
875902;PERLEMORFISKFAMILIEN;STERNOPTYCHIDAE;;;;;JE
87590201;PERLEMORFISKSLEKTEN;ARGYROPELECUS;;;;;JE
8759020102;PIGGHALET PERLEMORSFISK;ARGYROPELECUS ACULEATUS;;;;;JE
8759020106;FLEKKET PERLEMORSFISK;ARGYROPELECUS HEMIGYMNUS;;;;;JE
8759020107;STOR PERLEMORFISK;ARGYROPELECUS OLFERSI;HATCHET FISH;;;;JE
8759020204;RUND PERLEMORSFISK;POLYIPNUS POLLI;;;;;JE
875903;ULVEKJEFTFAMILIEN;ASTRONESTHIDAE;SNAGGLE TOOTHS;;;;JE
87590301;;ASTRONESTHES;;;;;JE
8759030203;ANTARKTISK ULVEKJEFT;BOROSTOMIAS ANTARCTICUS;;;;;JE
875904;;MELANOSTOMIIDAE;SCALELESS DRAGONFISHES;;;;JE
87590406;;MELANOSTOMIAS;;;;;JE
87590501;;MALACOSTEUS;;;;;JE
8759050101;SMALKJEVEFISK;MALACOSTEUS NIGER;LOOSEJAW;;;;JE
875906;;CHAULIODONTIDAE;VIPERFISHES;;;;JE
8759060103;SEGLTANNFISK;CHAULIODUS SLOANI;SLOANE'S VIPERFISH;;;;JE
875907;DRAGEKJEFTFAMILIEN;STOMIIDAE;SCALY DRAGONFISHES;;;;JE
8759070202;BOAFISK;STOMIAS FEROX;;;;;JE
8759080101;;IDIACANTHUS FASCIOLA;;;;;JE
876001;GLATTHODEFISK;ALEPOCEPHALIDAE;;;;;JE
87600101;;SAGAMICHTHYS;;;;;JE
87600103;;ALEPOCEPHALUS;;;;;JE
8760011201;KORTSNUTET GLATTHODEFISK;XENODERMICHTHYS COPEI;BLUESNOUT SMOOTH-HEAD;;;;JE
87600119;;LEPTOCHILICHTHYS;;;;;JE
87610101;;BATHYLACO;;;;;JE
8761010101;;BATHYLACO NIGRICANS;;;;;JE
8762;LYSPRIKKFISKER;MYCTOPHIFORMES;;17;;;JE
876204;;CHLOROPHTHALMIDAE;GREENEYES;;;;JE
87620401;;CHLOROPHTHALMUS;PELOPSIA;;;;JE
8762040101;;CHLOROPHTHALMUS AGASSIZI;SHORTNOSE GREENEYE;;;;JE
876207;LAKSETOBISFAMILIEN;PARALEPIDIDAE;BARRACUDINAS;31;;;JE
8762070201;LITEN LAKSETOBIS;NOTOLEPIS RISSOI;;;;;JE
8762070401;KORT LAKSETOBIS;MAGNISUDIS ATLANTICA;DUCKBILL BARRACUDINA;;;;E
8762070402;STOR LAKSETOBIS;PARALEPIS COREGONOIDES;;;;;JE
876211;;EVERMANNELLIDAE;;;;;JE
87621102;;EVERMANNELLA;;;;;
8762110201;;EVERMANNELLA BALBOI;;;;;JE
87621201;;BENTHALBELLA;;;;;
876213;;SCOPELOSAURIDAE ;;;;;
876213;;NOTOSUDIDAE;;;;;
8762130106;;SCOPELOSAURUS LEPIDUS;;;;;JE
876214;LYSPRIKKFAMILIEN;MYCTOPHIDAE;LANTERNFISHES;;;;JE
87621401;;CERATOSCOPELUS;;;;;JE
8762140315;BRUN LYSPRIKKFISK;LAMPANYCTUS MACDONALDI;;;;;JE
8762140316;BREDHALET LYSPRIKKFISK;LAMPANYCTUS INTRICARIUS;;;;;
8762140317;KJEMPELYSPRIKKFISK;LAMPANYCTUS CROCODILUS;;;;;JE
8762140405;STOR LYSPRIKKFISK;NOTOSCOPELUS KROEYERI;;18;;;JE
8762140901;NORDLIG LYSPRIKKFISK;BENTHOSEMA GLACIALE;;;;;JE
8762141003;NORDATLANTISK LYSPRIKKFIS;PROTOMYCTOPHUM ARCTICUM;;;;;JE
87621412;;LAMPADENA;;;;;JE
8762141204;SPEILHALET LYSPRIKKFISK;LAMPADENA SPECULIGERA;MIRROR LANTERFISH;;;;JE
8762141504;LITEN LYSPRIKKFISK;MYCTOPHUM PUNCTATUM;;;;;JE
87621418;;ELECTRONA;;;;;
8762141801;;ELECTRONA RISSO;LANTERNFISH;;;;
876701;;GIGANTURIDAE;TELOSCOPEFISH;;;;E
8784;DOBBELTSUGERE;GOBIESOCIFORMES;;;;;E
878401;DOBBELTSUGERFAMILIEN;GOBIESOCIDAE;CLINGFISHES;;;;E
87840106;;LEPADOGASTER;;;;;E
8784010601;STOR DOBBELTSUGER;LEPADOGASTER CANDOLLEI;CONNEMARRA CLINGFISH;;;;E
8784010603;KYSTDOBBELTSUGER;LEPADOGASTER LEPADOGASTER;SHORE CLINGFISH;;;;E
87840107;;DIPLECOGASTER;;;;;E
8784010701;DOBBELTSUGER;DIPLECOGASTER BIMACULATA;TWO SPOTTED CLINGFISH;;;;E
8784010801;SMÅHODET DOBBELTSUGER;APLETODON MICROCEPHALUS;SMALL-HEADED CLINGFISH;;;;E
8785;MARULKER;LOPHIIFORMES;;;;;E
8786;BREIFLABBFISKER;LOPHIOIDEI;;;;;E
878601;BREIFLABBFAMILIEN;LOPHIIDAE;ANGLERFISH;;;;E
87860101;BREIFLABBSLEKTEN;LOPHIUS;;;;;E
8786010103;BREIFLABB;LOPHIUS PISCATORIUS;ANGLERFISH (MONK);200;;;E
8786010104;;LOPHIUS BUDEGASSA;WHITE ANGLERFISH;;;;E
8787;TANGULKEFISKER;ANTENNARIOIDEI;;;;;E
878702;SARGASSOULKEFAMILIEN;ANTENNARIIDAE;FROGFISHES;;;;E
8787020101;SARGASSOULKE;HISTRIO HISTRIO;FROGFISH;;;;E
8787020203;;ANTENNARIUS RADIOSUS;BIG-EYED FROGFISH;;;;E
878703;;CHAUNACIDAE;;;;;E
8788080101;HOLBØLLS SJØDJEVEL;CERATIAS HOLBOELLI;DEEPSEA ANGLER;;;;E
8788080101;DYPHAVSTUSSEFISK;CERATIAS HOLBOELLI;DEEPSEA ANGLER;;;;E
8788080201;LITEN SJØDJEVEL;CRYPTOPSARAS COUESII;TRIPLEWART SEADEVIL;;;;
8789;TORSKEFISKER;GADIFORMES;;;;;E
879101;MORAFISKFAMILIEN;MORIDAE;;;;;E
8791010101;BLÅ ANTIMORA;ANTIMORA ROSTRATA;BLUE ANTIMORA;75;;;E
8791010301;;RHYNCHOGADUS HEPATICUS;;;;;E
8791010401;MORAFISK;MORA MORA;;80;;;E
87910105;;LEPIDION;;;;;E
879103;TORSKEFAMILIEN;GADIDAE;COD FISHES;;;;E
87910301;ISTORSKER;ARCTOGADUS;;;;;E
8791030102;ISTORSK;ARCTOGADUS GLACIALIS;;;;;E
8791030201;POLARTORSK;BOREOGADUS SAIDA;POLAR COD;46;0.36;1.60;E
8791030303;NAWAGATORSK;ELEGINUS NAWAGA ;WACHNA COD;;;;E
87910304;TORSKESLEKTEN;GADUS;;;;;E
8791030402;TORSK;GADUS MORHUA;ATLANTIC COD;180;0.45;1.60;EK
8791030403;UVAK;GADUS OGAC;GREENLAND COD;;;;E
8791030702;BERLEVÅGFISK;THERAGRA FINNMARCHICA;;;;;E
8791030801;LAKE;LOTA LOTA;BURBOT;;;;E
87910309;;POLLACHIUS;;;;;E
8791030901;SEI;POLLACHIUS VIRENS;SAITHE;135;0.45;1.65;EK
8791030902;LYR;POLLACHIUS POLLACHIUS;POLLACK;130;;;E
8791031101;BROSME;BROSME BROSME;CUSK;110;;;E
87910313;;MELANOGRAMMUS;;;;;E
8791031301;HYSE;MELANOGRAMMUS AEGLEFINUS;HADDOCK;112;0.39;1.60;EK
8791031501;FIRETRÅDET TANGBROSME;RHINONEMUS CIMBRIUS;FOUR-BEARDED ROCKLING;45;;;E
8791031602;SKJELLBROSME;PHYCIS BLENNOIDES;GREATER FORK-BEARD;76;;;E
87910317;;TRISOPTERUS;;;;;E
8791031701;SYPIKE;TRISOPTERUS MINUTUS;POOR-COD;30;;;E
8791031702;SKJEGGTORSK;TRISOPTERUS LUSCUS;BIB;;;;E
8791031703;ØYEPÅL;TRISOPTERUS ESMARKII;NORWAY POUT;35;;;E
8791031801;HVITTING;MERLANGIUS MERLANGUS;WHITING;70;;;E
87910319;LANGESLEKTEN;MOLVA;;;;;E
8791031901;LANGE;MOLVA MOLVA;LING;180;0.315;1.20;E
8791031902;BLÅLANGE;MOLVA DYPTERYGIA;BLUE LING;150;;;E
8791031904;;MOLVA MACROPTHALMA;SPANISH LING;;;;E
87910320;TANGBROSMESLEKTEN;GAIDROPSARUS;ROCKLINGS;;;;E
8791032001;TRETRÅDET TANGBROSME;GAIDROPSARUS VULGARIS;THREE-BEARDED ROCKLING;53;;;E
8791032002;STRANDTANGBROSME;GAIDROPSARUS MEDITERRANEU;SHORE ROCKLING;;;;E
8791032005;TRÅDFINNETANGBROSME;GAIDROPSARUS ENSIS;THREADFIN ROCKLING;;;;E
8791032101;SØLVTORSK;GADICULUS ARGENTEUS;SILVERY POUT;25;0.21;1.60;E
8791032201;KOLMULE;MICROMESISTIUS POUTASSOU;BLUE WHITING;50;;;E
8791032301;PADDETORSK;RANICEPS RANINUS;TADPOLE-FISH;;;;E
87910324;;CILIATA;;;;;E
8791032401;FEMTRÅDET TANGBROSME;CILIATA MUSTELLA;FIVE-BEARDED ROCKLING;;;;E
8791032402;NORDLIG TANGBROSME;CILIATA SEPTEMTRIONALIS;NORTHERN ROCKLING;;;;E
8791032501;SØLVTANGBROSME;ONOGADUS ARGENTATUS;ARCTIC ROCKLING;45;;;E
8791032601;STORØYET TANGBROSME;ANTONOGADUS MACROPHTHALMU;BIGEYE ROCKLING;;;;E
879104;LYSINGFAMILIEN;MERLUCCIIDAE;HAKES;;;;E
8791040105;LYSING;MERLUCCIUS MERLUCCIUS;HAKE;135;;;E
8792;SLANGEFISKER;OPHIDIODEI;;;;;E
879202;SNYLTEFISKFAMILIEN;CARAPIDAE;PEARLFISHES;;;;E
8792020202;SNYLTEFISK;ECHIODON DRUMONDI;PEARLFISH;;;;E
8793;ÅLEKVABBER;ZOARCOIDEI;;;;;E
879301;ÅLEBROSMEFAMILIEN;ZOARCIDAE;EEL-POUTS;;;;E
87930104;;GYMNELIS;;;;;E
8793010403;GRØNLANDSÅLEBROSME;GYMNELIS VIRIDIS;;;;;E
8793010404;SPITSBERGENÅLEBROSME;GYMNELIS RETRODORSALIS;;;;;E
87930105;;LYCENCHELYS;;;;;E
8793010513;SØRLIG ÅLEBROSME;LYCENCHELYS SARSI;;25;;;E
8793010514;HAVÅLEBROSME;LYCENCHELYS MURAENA;;;;;E
8793010516;MARMORERT ÅLEBROSME;LYCENCHELYS KOLTHOFFI;;;;;E
87930107;ÅLEBROSMESLEKTEN;LYCODES;;;;;E
8793010711;POLAR ÅLEBROSME;LYCODES POLARIS;CANADIAN EELPOUT;;;;E
8793010715;BÅNDÅLEBROSME;LYCODES EUDIPLEUROSTICTUS;;;;;E
8793010716;STORHODET ÅLEBROSME;LYCODES SEMINUDUS;;;;;E
8793010721;BLEK ÅLEBROSME;LYCODES PALLIDUS;;;;;E
8793010722;NETTÅLEBROSME;LYCODES RETICULATUS;;;;;E
8793010723;NORDLIG ÅLEBROSME;LYCODES ROSSI;;;;;E
8793010724;VANLIG ÅLEBROSME;LYCODES VAHLII;VAHL'S EELPOUT;;;;E
8793010724;ÅLEBROSME;LYCODES VAHLII;VAHL'S EELPOUT;61;;;E
8793010725;ULVEFISK;LYCODES ESMARKI;ESMARK'S EELPOUT;74;;;E
8793010726;ARKTISK ÅLEBROSME;LYCODES FRIGIDIS;;;;;E
8793010727;;LYCODES LUTKENI;;;;;E
8793010730;SKJELLÅLEBROSME;LYCODES SQUAMIVENTER;;;;;E
8793012001;ÅLEKVABBE;ZOARCES VIVIPARUS;EEL-POUT;;;;E
8793012101;SPISSHALET ÅLEBROSME;RHIGOPHILA DEARBORNI;;;;;E
8794;SKOLESTER;MACROUROIDEI;;;;;E
879401;SKOLESTFAMILIEN;MACROURIDAE;GRENADIERS;;;;E
8794010117;SKOLEST;CORYPHAENOIDES RUPESTRIS;ROUNDNOSE GRENADIER;100;;;G
8794010205;;BATHYGADUS MELANOBRANCHUS;;;;;
87940104;;COELORHYNCHUS;;;;;E
8794010403;PIGGSKJELLET SKOLEST;COELORHYNCHUS OCCA;SPEAR-SNOUTED GRENADIER;;;;E
8794010405;SPIRITIST;CAELORINCHUS CAELORHINCUS;BLACKSPOT GRENADIER;;;;E
8794010601;SMÅSKJELLET SKOLEST;MALACOCEPHALUS LAEVIS;SOFTHEADED GRENADIER;;;;E
8794010801;HØYRYGGET SKOLEST;NEZUMIA AEQUALIS;SMOOTH GRENADIER;;;;E
87940111;;HYMENOCEPHALUS;;;;;E
87940111;;HYMENOCEPHALUS;;;;;E
87940115;;TRACHYRHYNCHUS;;;;;E
8794011501;SPISSNUTET SKOLEST;TRACHYRHYNCHUS TRACHYRHYN;ROUGHNOSED RATTAIL;;;;E
8794011502;;TRACHYRHYNCHUS MURRAYI;MURRAY'S RATTAIL;;;;E
8794011601;ISGALT;MACROURUS BERGLAX;ROUGH RATTAIL;110;;;EG
88;FISK MED KJEVER II;GNATHOSTOMATA II;FISH WITH JAWS II;;;;E
8803;FLYGEFISKER;EXOCOETOIDEI;;;;;E
880301;FLYGEFISKFAMILIEN;EXOCOETIDAE;FLYING FISHES;;;;E
88030101;FLYGEFISKSLEKTEN;CHIELOPOGON;;;;;E
8803010101;FLYGEFISK;CYPSELURUS HETERURUS;FLYING FISH;;;;E
8803010106;;CYPSELURUS PINNATIBARBATU;ATLANTIC FLYING FISH;;;;E
880302;HORNGJELFAMILIEN;BELONIDAE;NEEDLEFISHES;;;;E
8803020502;HORNGJEL;BELONE BELONE;GARFISH;96;0.045;1.60;E
880303;MAKRELLGJEDDEFAMILIEN;SCOMBERESOCIDAE;SAURIES;;;;E
8803030201;MAKRELLGJEDDE;SCOMBERESOX SAURUS;SAURY PIKE;;;;E
8805;STRIPEFISKER;ATHERINOIDEI;;;;;E
880502;STRIPEFISKFAMILIEN;ATHERINIDAE;SAND-SMELTS;;;;E
88050210;STRIPEFISKSLEKTEN;ATHERINA;;;;;E
8805021002;STORØYET STRIPEFISK;ATHERINA BOYERI;;;;;E
8805021003;STRIPEFISK;ATHERINA PRESBYTER;SAND SMELT;;;;E
88050223;;CHIROSTOMA;;;;;
880802;;MELAMPHAEIDAE;;;;;E
88080202;;POROMITRA;;;;;E
8808020202;PIGGKINNET KONGLESKJELLFISK;POROMITRA CAPITO;;;;;E
8808020203;;POROMITRA MEGALOPS;;;;;E
8808020303;SMÅØYET KONGLESKJELLFISK;SCOPELOBERYX ROBUSTUS;;;;;E
88080204;;SCOPELOGADUS;;;;;JE
8810;BERYXFISKER;BERYCOIDEI;BERCOID FISHES;;;;E
8810010101;;DIRETMUS ARGENTEUS;;;;;
8810020201;;HOPLOSTETHUS ATLANTICUS;ORANGE ROUGHY;;;;E
8810020202;;HOPLOSTETHUS MEDITERRANEU;;;;;E
8810040101;TROLLFISK;ANOPLOGASTER CORNUTA;FANGTOOTH;;;;E
881005;BERYXFAMILIEN;BERYCIDAE;;;;;E
88100501;BERYXSLEKTEN;BERYX;;;;;E
8810050101;BERYX;BERYX DECADACTYLUS;ALFONSINO;;;;E
8810050102;RØD BERYX;BERYX SPLENDENS;ALFONSINO;;;;E
8811;ST.PETERSFISKER;ZEIFORMES;;;;;E
881103;ST.PETERSFISKFAMILIEN;ZEIDAE;DORIES;;;;E
8811030301;ST.PETERSFISK;ZEUS FABER;JOHN DORY;;;;E
881106;VILLSVINFISKFAMILIEN;CAPROIDAE;BOARFISHES;16;;;E
8811060301;VILLSVINFISK;CAPROS APER;BOARFISH;;;;E
8812;BÅNDFISKER;LAMPRIDIFORMES;;;;;E
8813;LAKSESTØRJER;LAMPROIDEI;;;;;E
881301;LAKSESTØRJEFAMILIEN;LAMPRIDAE;;;;;E
8813010102;LAKSESTØRJE;LAMPRIS GUTTATUS;OPAH;;;;E
8815;SØLVKVEITER;TRACHIPTEROIDEI;;;;;E
881502;SØLVKVEITEFAMILIEN;TRACHIPTERIDAE;RIBBONFISHES;;;;E
8815020102;SØLVKVEITE;TRACHIPTERUS ARCTICUS;DEAL-FISH;;;;JE
881503;SILDEKONGEFAMILIEN;REGALECIDAE;;;;;E
8815030101;SILDEKONGE;REGALECUS GLESNE;OAR FISH;;;;E
8816;;STYLEPHOROIDEI;;;;;E
881601;;STYLEPHORIDAE;THREAD TAIL;;;;E
88160101;;STYLEPHORUS;;;;;E
8816010101;;STYLEPHORUS CHORDATUS;THREAD TAIL;;;;E
8817;NÅLE- OG STINGSILDFAMILIEN;GASTEROSTEIFORMES;;;;;E
8818;STINGSILDFISKER;GASTEROSTEOIDEI;;;;;E
881801;STINGSILDFAMILIEN;GASTEROSTEIDAE;STICKLEBACKS;;;;E
8818010101;TREPIGGET STINGSILD;GASTEROSTEUS ACULEATUS;THREE-SPINED STICKLEBACK;11;;;E
8818010201;NIPIGGET STINGSILD;PUNGITIUS PUNGITIUS;TEN-SPINED STICKLEBACK;;;;E
8818010501;TANGSTIKLING;SPINACHIA SPINACHIA;SEA STICKLEBACK;;;;E
881903;TROMPETFISKFAMILIEN;MACRORHAMPHOSIDAE;TRUMPET FISH;;;;E
8819030101;TROMPETFISK;MACRORHAMPHOSUS SCOLOPAX;SNIPE-FISH;;;;E
8820;NÅLEFISKER;SYNGNATHOIDEI;;;;;E
882002;NÅLEFISKFAMILIEN;SYNGNATHIDAE;PIPEFISHES AND SEAHORSES;;0.009;2.000;E
88200201;KANTNÅLER;SYNGNATHUS;;;;;E
88200201;NÅLEFISKSLEKTEN;SYNGNATHUS;;;;;E
8820020119;LITEN KANTNÅL;SYNGNATHUS ROSTELLATUS;NILSSON' PIPEFISH;;;;E
8820020120;STOR KANTNÅL;SYNGNATHUS ACUS;GREAT PIPE-FISH;;;;E
8820020123;TANGSNELLE;SYNGNATHUS TYPHLE;DEEP-SNOUTED PIPE-FISH;;;;E
8820020210;SJØHEST;HIPPOCAMPUS RAMULOSUS;SEA HORSE;;;;E
8820022101;STOR HAVNÅL;ENTELURUS AEQUERIUS;SNAKE PIPE-FISH;61;0.0058;0.030;E
88200222;;NEROPHIS;;;;;E
8820022201;KRUMSNUTET HAVNÅL;NEROPHIS LUMBRICIFORMIS;WORM PIPE-FISH;;;;E
8820022202;LITEN HAVNÅL;NEROPHIS OPHIDION;STRAIGHT-NOSED PIPE-FISH;;;;E
8825;ULKEFISKER;SCORPAENIFORMES;;;;;E
882601;UERFAMILIEN;SCORPAENIDAE;SCORPIONFISHES;110;0.27;4.00;E
88260101;UERSLEKTEN;SEBASTES;REDFISHES;;;;E
8826010139;VANLIG UER;SEBASTES MARINUS;GOLDEN REDFISH;190;0.27;4.00;E
8826010151;SNABELUER;SEBASTES MENTELLA;DEEPWATER REDFISH;250;0.27;4.00;E
8826010151;OSEANISK SNABELUER;SEBASTES MENTELLA;DEEPWATER REDFISH;;;;E
8826010175;LUSUER;SEBASTES VIVIPARUS;NORWAY REDFISH;39;0.27;4.00;E
8826010301;BLÅKJEFT;HELICOLENUS DACTYLOPTERUS;BLUE-MOUTH REDFISH;;;;E
882602;KNURRFAMILIEN;TRIGLIDAE;E.ATLANTIC GURNARDS;;;;E
8826020316;;PERISTEDION CATAPHRACTUM;ARMED GURNARD;;;;E
88260205;;TRIGLA;GURNARDS;;;;E
8826020501;RØDKNURR;TRIGLA LUCERNA;TUB GURNARD;60;;;E
8826020503;LYREKNURR;TRIGLA LYRA;GURNARD;;;;E
8826020601;KNURR;EUTRIGLA GURNARDUS;GREY GURNARD;47;0.018;1.70;E
8826020701;TAGGKNURR;TRIGLOPORUS LASTOVIZA;STREAKED GURNARD;;;;E
88260208;;ASPITRIGLA;;;;;E
8826020801;TVERRSTRIPET KNURR;ASPITRIGLA CUCULUS;RED GURNARD;;;;E
8826020802;;ASPITRIGLA OBSCURA;LONGFIN GURNARD;;;;E
883101;TORNULKEFAMILIEN;ICELIDAE;;;;;E
8831010101;TORNULKE;ICELUS BICORNIS;TWOHORN SCULPIN;;;;E
883102;ULKEFAMILIEN;COTTIDAE;BULLHEADS AND SCULPINS;27;;;E
8831020307;;ARTEDIELLUS ATLANTICUS;;13;;;E
8831020308;KROKULKE;ARTEDIELLUS EUROPAEUS;;18;;;E
88310208;;COTTUS;;;;;E
8831020825;HVITFINNET STEINULKE;COTTUS GOBIO;BULLHEAD;;;;E
8831020826;STEINSMETT;COTTUS GRACILIS;ALPINE BULLHEAD;;;;E
8831021304;GLATTULKE;GYMNOCANTHUS TRICUSPIS;ARCTIC STAGHORN SCULPIN;;;;E
88310222;;MYOXOCEPHALUS;;;;;E
8831022205;HORNULKE;MYOXOCEPHALUS QUADRICORNI;FOUR HORNED SCULPIN;17;;;E
8831022207;VANLIG ULKE;MYOXOCEPHALUS SCORPIUS;BULL-ROUT;;;;E
88310238;KNURRULKESLEKTEN;TRIGLOPS;;;;;E
8831023805;KNURRULKE;TRIGLOPS PINGELI;RIBBED SCULPIN;25;;;E
8831023805;ARKTISK KNURRULKE;TRIGLOPS PINGELI;RIBBED SCULPIN;25;;;E
8831023807;NORDLIG KNURRULKE;TRIGLOPS MURRAYI;MOUSTACHE SCULPIN;17;;;E
8831023808;GRØNLANDS KNURRULKE;TRIGLOPS NYBELINI;;;;;E
88310246;;TAURULUS;;;;;E
8831024601;DVERGULKE;TAURULUS BUBALIS;SEA SCORPION;;;;E
8831024602;PIGGULKE;TAURULUS LILLJEBORGI;NORWAY BULLHEAD;;;;E
883106;PADDEULKEFAMILIEN;COTTUNCULIDAE;;;;;E
8831060101;PADDEULKE;COTTUNCULUS MICROPS;;;;;E
8831060103;;COTTUNCULUS SADKO;;;;;
883108;PANSERULKEFAMILIEN;AGONIDAE;POACHERS;;;;E
8831080303;ARKTISK PANSERULKE;ASPIDOPHOROIDES OLRIKI;ARCTIC ALLIGATORFISH;;;;E
8831080803;PANSERULKE;AGONUS CATAPHRACTUS;HOOKNOSE;20;;;E
8831081801;TISKJEGG;LEPTAGONUS DECAGONUS;ATLANTIC POACHER;25;;;E
883109;RINGBUKFAMILIEN;CYCLOPTERIDAE;SNAILFISHES AND LUMPSUCKE;34;;;E
883109;ROGNKJEKS OG RINGBUKFAMILIEN;CYCLOPTERIDAE;SNAILFISHES AND LUMPSUCKE;34;;;E
88310902;;CAREPROCTUS;;;;;E
8831090232;LITEN RINGBUK;CAREPROCTUS LONGIPINNIS;;;;;E
8831090234;NORDLIG RINGBUK;CAREPROCTUS REINHARDTI;;30;;;E
8831090238;KORTFINNE RINGBUK;CAREPROCTUS MICROPUS;;11;;;E
8831090405;ARKTISK ROGNKJEKS;CYCLOPTEROPSIS MACALPINI;ARCTIC LUMPSUCKER;;;;E
8831090405;DVERGKJEKS;CYCLOPTEROPSIS MACALPINI;ARCTIC LUMPSUCKER;;;;
88310905;;EUMICROTREMUS;;;;;E
8831090504;SVARTKJEKS;EUMICROTREMUS DERJUGINI;LEATHERFIN LUMPSUCKER;;;;E
8831090508;VORTEKJEKS;EUMICROTREMUS SPINOSUS;;;;;E
88310908;;LIPARIS;SEA SNAILS;;;;E
8831090812 ;PUKKELRINGBUK;LIPARIS GIBBUS;;;;;E
8831090815;KOEFOEDS RINGBUK;LIPARIS KOEFOEDI;;30;;;E
8831090828;VANLIG RINGBUK;LIPARIS LIPARIS;SEA SNAIL;30;;;E
8831090829;TANGRINGBUK;LIPARIS TUNICATUS;GREENLAND SEA SNAIL;;;;
8831090831;KYSTRINGBUK;LIPARIS MONTAGUI;MONTAGU'S SEA SNAIL;30;;;E
8831090832;POLARRINGBUK;LIPARIS SCHANTARENSIS;;30;;;E
88310909;;LIPARISCUS;;;;;E
8831090901;KONGERINGBUK;LIPARISCUS NANUS;;;;;E
8831091114;SVART RINGBUK;PARALIPARIS BATHYBII;;30;;;E
8831091501;ROGNKJEKS;CYCLOPTERUS LUMPUS;LUMPSUCKER;94;;;E
8834;PIGGFINNEFISKER;PERCIFORMES;;;;;E
8835;ABBORFISKER;PERCOIDEI;;;;;E
883502;HAVABBORFAMILIEN;SERRANIDAE;BASSES AND SEA-PERCHES;;;;E
8835022801;VRAKFISK;POLYPRION AMERICANUS;WRECK-FISH;;;;E
883516;LAKSEABBORFAMILIEN;CENTRARCHIDAE;;;;;E
8835160602;LAKSEABBOR;MICROPTERUS SALMOIDES;LARGE-MOUTHED BASS;;;;E
883518;DYPHAVSABBORFAMILIEN;APOGONIDAE;;;;;E
8835180403;DYPHAVSABBOR;EPIGONUS TELESCOPUS;;;;;E
8835181301;KARDINALFISK;HOWELLA SHERBORNI;SHERBORN'S CARDINALFISH ;;;;JE
883527;SUGEFISKFAMILIEN;ECHENEIDIDAE;;;;;E
8835270103;SUGEFISK;REMORA REMORA;SHARK SUCKER;;;;E
883528;TAGGMAKRELLFAMILIEN;CARANGIDAE;JACKS;;;;E
8835280103;TAGGMAKRELL;TRACHURUS TRACHURUS;HORSE MACKEREL;45;0.36;1.60;F
8835281501;LOSFISK;NAUCRATES DUCTOR;PILOT FISH;;;;E
8835330103;MANKEFISK;CARISTIUS GROENLANDICUS;;;;;E
883543;HAVKARUSSFAMILIEN;SPARIDAE;SEA BREAMS;;;;E
88354308;PAGELLSLEKTEN;PAGELLUS;;;;;E
8835430801;FLEKKPAGELL;PAGELLUS BOGARAVEO;RED SEABREAM;;;;E
8835430804;RØDPAGELL;PAGELLUS ERYTHRINUS;PANDORA;;;;E
8835430901;OKSEØYEFISK;BOOPS BOOPS;BOGUE;;;;E
8835431101;;SPARUS AURATUS;GILT-HEAD SEABREAM;;;;E
8835431201;HAVKARUSS;SPONDYLIOSOMA CANTHARUS;BLACK SEA BREAM;;;;E
883544;ØRNEFISKFAMILIEN;SCIAENIDAE;DRUMS;;;;E
8835442701;ØRNEFISK;ARGYROSOMUS REGIUS;MEAGRE;;;;E
883545;MULLEFAMILIEN;MULLIDAE;GOATFISHES;;;;E
8835450202;MULLE;MULLUS SURMULETUS;RED MULLET;;;;E
883571;HAVBRASMEFAMILIEN;BRAMIDAE;BREAMS;;;;E
8835710102;HAVBRASME;BRAMA BRAMA;RAY'S BREAM;;;;E
8835710301;SØLVBRASME;PTERYCOMBUS BRAMA;;;;;E
8835710403;HØYFINNET HAVBRASME;TARACTES ASPER;;;;;E
883572;;PERCICHTHYIDAE;;;;;E
8835720101;HAVABBOR;DICENTRARCHUS LABRAX;EUROPEAN SEABASS;;;;E
8836;MULTEFISKER;MUGILOIDEI;;;;;E
883601;MULTEFAMILIEN;MUGILIDAE;MULLETS;;;;E
8836010704;TYKKLEPPET MULTE;CHELON LABROSUS;THICK-LIPPED MULLET;;;;E
88360109;;LIZA;;;;;E
8836010901;TYNNLEPPET MULTE;LIZA RAMADA;THIN-LIPPED MULLET;;;;E
8836010902;GULLMULTE;LIZA AURATA;GOLDEN MULLET;;;;E
8839;BERGGYLTEFISKER;LABROIDEI;WRASSES;;;;E
883901;LEPPEFISKFAMILIEN;LABRIDAE;WRASSES;;;;E
8839012306;JUNKERGYLTE;CORIS JULIS;;;;;E
8839013301;GRØNNGYLT;CRENILABRUS MELOPS;CORKWING;;;;E
8839013401;GRASGYLT;CENTROLABRUS EXOLETUS;SMAL-MOUTED WRASSE;;;;E
8839013501;BERGNEBB;CTENOLABRUS RUPESTRIS;COLD-SINNY;;;;E
88390136;;LABRUS;;;;;E
8839013603;BERGGYLT;LABRUS BERGYLTA;BALLAN WRASSE;;;;E
8839013604;BLÅSTÅL OG RØDNEBB;LABRUS BIMACULATUS;CUCKOO WRASSE;;;;E
8839013701;BRUNGYLT;ACANTHOLABRUS PALLONI;SMALL-RAYED WRASSE;;;;E
8840;FJESINGFISKER;TRACHINOIDEI;;;;;E
884006;FJESINGFAMILIEN;TRACHINIDAE;;;;;E
88400601;FJESINGSLEKTEN;TRACHINUS;;;;;E
8840060101;DVERGFJESING;TRACHINUS VIPERA;LESSER WEEVER;;;;E
8840060102;FJESING;TRACHINUS DRACO;GREATER WEEVER;;;;E
8840160101;SVART SLUKHALSFISK;CHIASMODON NIGER;BLACK SWALLOWER ;;;;JM
8840160202;;KALI  MACRODON;;;;;E
8840160202;;KALI MACRODON;;;;;E
88401603;;PSEUDOSCOPELUS;;;;;
8842;SLIMFISKER;BLENNIOIDEI;;;;;E
884201;TANGKVABBEFAMILIEN;BLENNIIDAE;BLENNIES;;;;E
88420101;TANGKVABBESLEKTEN;BLENNIUS;;;;;E
8842010104;ØYEFLEKKET TANGKVABBE;BLENNIUS OCELLARIS;BUTTERFLY BLENNY;;;;E
8842010110;STEINBORER;BLENNIUS GATTORUGINE;TOMPOT BLENNY;;;;E
8842010115;TANGKVABBE;BLENNIUS PHOLIS;SHANNY;;;;E
884202;STEINBITFAMILIEN;ANARHICHADIDAE;ROCKFISHES;130;;;E
88420201;STEINBITSLEKTEN;ANARHICHAS;CATFISHES;130;;;E
8842020102;BLÅSTEINBIT;ANARHICHAS DENTICULATUS;JELLY CATFISH;;;;E
8842020103;GRÅSTEINBIT;ANARHICHAS LUPUS;ATLANTIC CATFISH;125;;;E
8842020104;FLEKKSTEINBIT;ANARHICHAS MINOR;SPOTTED CATFISH;175;;;E
884212;HORNKVABBEFAMILIEN;STICHAEIDAE;PRICKLEBACKS;49;;;E
884212;LANGEBARNFAMILIEN;STICHAEIDAE;PRICKLEBACKS;49;;;E
8842120505;HORNKVABBE;CHIROLOPHIS ASCANII;YARREL'S BLENNY;25;;;E
88421209;;LUMPENUS;;;;;E
8842120901;ARKTISK LANGEBARN;LUMPENUS FABRICII;;;;;E
8842120905;LANGHALET LANGEBARN;LUMPENUS LUMPRETAEFORMIS;SNAKE BLENNY;49;0.045;1.00;E
8842121801;TVERRHALET LANGEBARN;LEPTOCLINUS MACULATUS;SPOTTED SNAKE BLENNY;49;;;E
8842122301;RUNDHALET LANGEBARN;ANISARCHUS MEDIUS;;;;;E
884213;TANGSPRELLFAMILIEN;PHOLIDAE;GUNNELS;;;;E
8842130209;TANGSPRELL;PHOLIS GUNNELLUS;BUTTERFISH;;;;E
8845;SILFISKER;AMMODYTOIDEI;;;;;E
884501;SILFAMILIEN;AMMODYTIDAE;SANDEELS;39;;;E
88450101;TOBIS;AMMODYTES;SANDEELS;29;0.072;0.50;E
8845010105;SMÅSIL;AMMODYTES TOBIANUS;LESSER SANDEEL;29;0.072;0.50;E
8845010106;HAVSIL;AMMODYTES MARINUS;SANDEEL;29;0.072;0.50;E
8845010201;GLATTSIL;GYMNAMMODYTES SEMISQUAMAT;SMOTH SANDEEL;;;;E
88450103;;HYPEROPLUS;;;;;E
8845010301;STORSIL;HYPEROPLUS LANCEOLATUS;GREATER SANDEEL;;;;E
8845010302;UFLEKKET STORSIL;HYPEROPLUS IMMACULATUS;IMMACULATE SANDEEL;;;;E
8846;FLØYFISKER;CALLIONYMOIDEI;;;;;E
884601;FLØYFISKFAMILIEN;CALLIONYMIDAE;DRAGONETS;30;;;E
88460101;FLØYFISKSLEKTEN;CALLIONYMUS;;;;;E
8846010106;VANLIG FLØYFISK;CALLIONYMUS LYRA;COMMON DRAGONET;;;;E
8846010107;FLEKKET FLØYFISK;CALLIONYMUS MACULATUS;SPOTTED DRAGONET;16;;;E
8846010120;LITEN FLØYFISK;CALLIONYMUS RETICULATUS;RETICULATE DRAGONET;;;;E
8847;KUTLINGFISKER;GOBIOIDEI;GOBIES;;;;E
884701;KUTLINGFAMILIEN;GOBIIDAE;GOBIES;6;;;E
88470113;;GOBIUS;GOBIES;;;;E
8847011316;SVARTKUTLING;GOBIUS NIGER;BLACK GOBY;;;;E
8847011320;KLIPPEKUTLING;GOBIUS PAGANELLUS;ROCK GOBY;;;;E
88470149;;CRYSTALLOGOBIUS;;;;;E
8847014901;KRYSTALLKUTLING;CRYSTALLOGOBIUS LINEARIS;CRYSTAL GOBY;6;;;E
88470150;;GOBIUSCULUS;;;;;E
8847015001;TANGKUTLING;GOBIUSCULUS FLAVESCENS;TWO-SPOT GOBY;;;;E
88470151;;POMATOSCHISTUS;;;;;E
8847015101;SANDKUTLING;POMATOSCHISTUS MINUTUS;SAND GOBY;6;;;E
8847015102;BERGKUTLING;POMATOSCHISTUS PICTUS;PAINTED GOBY;;;;E
8847015103;LEIRKUTLING;POMATOSCHISTUS MICROPS;COMMON GOBY;;;;E
8847015104;MUDDERKUTLING;POMATOSCHISTUS NORVEGICUS;NORWEGIAN GOBY;;;;E
8847016501;ULKEKUTLING;LEBETUS SCORPIOIDES;DIMINUTIVE GOBY;;;;E
8847016601;GLASSKUTLING;APHIA MINUTA;TRANSPARENT GOBY;;;;E
8847016701;SPISSHALET KUTLING;LESUEURIGOBIUS SUERII;FRIE'S GOBY;;;;E
8847016802;PIGGKUTLING;BUENIA JEFFREYSI;JEFFREY'S GOBY;;;;E
8850;MAKRELLFISKER;SCOMBROIDEI;;;;;E
8850010701;HAVGJEDDE;NESIARCHUS NASUTUS;;;;;E
8850010701;HAVGJEDDE;NESIARCHUS NASUTUS;;;;;E
885002;TRÅDSTJERTFAMILIEN;TRICHIURIDAE;;;;;E
88500202;TRÅDSTJERTER;TRICHIURUS;ATLANTIC CUTLASSFISH;;;;E
8850020201;TRÅDSTJERT;TRICHIURUS LEPTURUS;ATLANTIC CUTLASSFISH;;;;E
8850020301;DOLKFISK;APHANOPUS CARBO;BLACK SCABBARDFISH;;;;E
8850020401;SLIREFISK;LEPIDOPUS CAUDATUS;SILVER SCABBARD FISH;;;;E
885003;MAKRELLFAMILIEN;SCOMBRIDAE;TUNAS;;;;E
8850030105;TUNNIN;EUTHYNNUS QUADRIPUNCTATUS;LITTLE TUNY;;;;E
8850030202;STRIPET PELAMIDE;SARDA SARDA;BONITO;;;;E
88500303;MAKRELLSLEKTEN;SCOMBER;;;;;E
8850030301;SPANSK MAKRELL;SCOMBER COLIAS;SPANISH MACKEREL;;;;E
8850030302;MAKRELL;SCOMBER SCOMBRUS;MACKEREL;66;0.36;1.60;F
8850030402;MAKRELLSTØRJE;THUNNUS THYNNUS;BLUE-FIN TUNNY;;;;E
8850030701;AUXID;AUXIS ROCHEI;FRIGATE MACKEREL;;;;E
8850031201;USTRIPET PELAMIDE;ORCYNOPSIS UNICOLOR;PLAIN BONITO;;;;E
885004;SVERDFISKFAMILIEN;XIPHIIDAE;SWORD-FISHES;;;;E
8850040101;SVERDFISK;XIPHIAS GLADIUS;SWORDFISH;;;;E
885005;LUVARFAMILIEN;LUVARIDAE;;;;;E
8850050101;LUVAR;LUVARUS IMPERIALIS;LUVAR;;;;E
8851;SVARTFISKER;STROMATEOIDEI;;;;;E
885101;SVARTFISKFAMILIEN;CENTROLOPHIDAE;RUDDERFISHES;;;;E
8851010301;SVARTFISK;CENTROLOPHUS NIGER;BLACKFISH;;;;E
8851030401;ENGELSK SVARTFISK;PALOMETA MEDIUS;CORNISH BLACKFISH;;;;E
8855;FLYNDREFISKER;PLEURONECTIFORMES;FLATFISHES;;;;E
885703;VARFAMILIEN;BOTHIDAE;LEFTEYE FLOUNDERS;;;;E
88570304;VARSLEKTEN;SCOPHTHALMUS;;;;;E
8857030402;PIGGVAR;SCOPHTHALMUS MAXIMUS;TURBOT;100;;;E
8857030403;SLETTVAR;SCOPHTHALMUS RHOMBUS;BRILL;75;;;E
88570317;TUNGEVARSLEKTEN;ARNOGLOSSUS;;;;;E
8857031702;TUNGEVAR;ARNOGLOSSUS LATERNA;SCALD FISH;;;;E
8857031703;KEISERVAR;ARNOGLOSSUS IMPERIALIS;IMPERIAL SCALDFISH;;;;E
8857031706;FLEKKVAR;ARNOGLOSSUS THORI;SPOTTED SCALDFISH;;;;E
8857032101;HÅRVAR;ZEUGOPTERUS PUNCTATUS;COMMON TOPKNOT;;;;E
88570322;;PHRYNORHOMBUS;;;;;E
8857032201;SMÅVAR;PHRYNORHOMBUS NORVEGICUS;NORWEGIAN TOPKNOT;;;;E
8857032202;KONGEVAR;PHRYNORHOMBUS REGIUS;EKSTROMS TOPKNOT;;;;E
8857032301;FIREFLEKKET VAR;LEPIDORHOMBUS BOSCII;MEGRIM;;;;E
8857032302;GLASSVAR;LEPIDORHOMBUS WHIFFIAGONI;MEGRIM;65;;;E
885704;FLYNDREFAMILIEN;PLEURONECTIDAE;RIGHTEYE FLOUNDERS;52;;;E
8857040502;SMØRFLYNDRE;GLYPTOCEPHALUS CYNOGLOSSU;WITCH;62;;;E
8857040603;GAPEFLYNDRE;HIPPOGLOSSOIDES PLATESSOIDES;LONG ROUGH DAB;56;0.27;1.50;E
8857040904;SANDFLYNDRE;LIMANDA LIMANDA;DAB;42;;;E
8857041202;LOMRE;MICROSTOMUS KITT;LEMON SOLE;66;;;E
8857041402;SKRUBBE;PLATICHTHYS FLESUS;FLOUNDER;50;;;E
8857041502;RØDSPETTE;PLEURONECTES PLATESSA;EUROPEAN PLAICE;100;0.41;2.60;E
8857041801;BLÅKVEITE;REINHARDTIUS HIPPOGLOSSOI;GREENLAND HALIBUT;120;0.41;2.60;EK
8857041902;KVEITE;HIPPOGLOSSUS HIPPOGLOSSUS;HALIBUT;200;;;E
8858;TUNGEFISKER;SOLEOIDEI;;;;;E
885801;TUNGEFAMILIEN;SOLEIDAE;SOLES;;;;E
88580106;TUNGESLEKTEN;SOLEA;;;;;E
8858010601;TUNGE;SOLEA VULGARIS;SOLE;;;;E
8858010610;SANDTUNGE;SOLEA LASCARIS;SAND SOLE;;;;E
8858010801;GLASSTUNGE;BUGLOSSIDIUM LUTEUM;SOLENETTE;;;;E
8858010903;STRIPETUNGE;MICROCHIRUS VARIEGATUS;THICKBACK SOLE;;;;E
8859;FASTKJEVETE FISKER;TETRAODONTIFORMES;;;;;E
8860;AVTREKKERFISKER;BALISTOIDEI;;;;;E
886002;AVTREKKERFISKFAMILIEN;BALISTIDAE;LEATHERJACKETS;;;;E
8860020205;AVTREKKERFISK;BALISTES CAROLINENSIS;TRIGGER FISH;;;;E
886104;MÅNEFISKFAMILIEN;MOLIDAE;MOLAS;;;;E
8861040101;MÅNEFISK;MOLA MOLA;SUNFISH;;;;E
8899;ANNEN FISK;VARIATUS PISCES;;;;;E
89;AMFIBIER;AMPHIBIA;AMPHIBIANS;;;;
90;REPTILER;REPTILIA;REPTILES;;;;
91;FUGLER;AVES;BIRDS;;;;
9109020201;HAVHEST;FULMARUS GLACIALIS;NORTHERN FULMAR;;;;
9128020108;GRÅMÅKE;LARUS ARGENTATUS;HERRING GULL;;;;
9129010501;TEIST;CEPPHUS GRYLLE;BLACK GUILLEMOT;;;;
92;PATTEDYR;MAMMALIA;MAMMALS;;;;
9217;HVALER;CETACEA;WHALES;;;;
9218;TANNHVALER;ODONTOCETA;TOOTHED WHALES;;;;
921802;DELFINFAMILIEN;DELPHINIDAE;DOLPHINS;;;;
9218020401;TUMLER;TURSIOPS TRUNCATUS;BOTTLENOSE DOLPHIN;;;;
9218020504;STRIPET DELFIN;STENELLA COERULEOALBA;STRIPED DOLPHIN;;;;
9218020601;DELFIN;DELPHINUS DELPHIS;COMMON DOLPHIN;;;;
9218020801;KVITNOS;LAGENORHYNCHUS ALBIROSTRI;WHITE-BEAKED DOLPHIN;;;;
9218020802;KVITSKJEVING;LAGENORHYNCHUS ACUTUS;WHITE-SIDED DOLPHIN;;;;
9218021101;RISSODELFIN;GRAMPUS GRISEUS;RISSO'S DOLPHIN;;;;
9218021501;GRINDHVAL;GLOBICEPHALA MELAENA;PILOT WHALE;;;;
9218021601;SPEKKHOGGER;ORCINUS ORCA;KILLER WHALE;;;;
9218021801;NISE;PHOCOENA PHOCOENA;HARBOUR PORPOISE;;;;
921803;NARHVALFAMILIEN;MONODONTIDAE;NARWHALES;;;;
9218030101;HVITHVAL;DELPHINAPTERUS LEUCAS;WHITE WHALE;;;;
9218030201;NARHVAL;MONODON MONOCEROS;NARWHALE;;;;
921804;SPERMHVALFAMILIEN;PHYSETERIDAE;SPERM WHALES;;;;
9218040102;SPERMHVAL;PHYSETER CATODON;SPERM WHALE;;;;
921805;NEBBHVALFAMILIEN;ZIPHIIDAE;;;;;
9218050201;CUVIERS NEBBHVAL;ZIPHIUS CAVIROSTRIS;CUVIER'S BEAKED WHALE;;;;
9218050501;BOTTLENOS;HYPEROODON AMPULLATUS;BOTTLENOSE WHALE;;;;
9218050501;NEBBHVAL;HYPEROODON AMPULLATUS;BOTTLENOSE WHALE;;;;
9218050609;SPISSHVAL;MESOPLODON BIDENS;SOWERBY'S WHALE;;;;
9219;BARDEHVALER;MYSTACETA;BALEEN WHALES;;;;
921902;FINNHVALFAMILIEN;BALAENOPTERIDAE;FIN WHALES;;;;
9219020101;VÅGEHVAL;BALAENOPTERA ACUTOROSTRAT;MINKE WHALE;;;;
9219020103;SEIHVAL;BALAENOPTERA BOREALIS;SEI WHALE;;;;
9219020104;FINNHVAL;BALAENOPTERA PHYSALUS;FIN WHALE;;;;
9219020105;BLÅHVAL;BALAENOPTERA MUSCULUS;BLUE WHALE;;;;
9219020201;KNØLHVAL;MEGAPTERA NOVAEANGLIAE;HUMPBACK WHALE;;;;
921903;RETTHVALFAMILIEN;BALAENIDAE;RIGHT WHALES;;;;
9219030102;GRØNLANDSHVAL;BALAENA MYSTICETUS;BOWHEAD WHALE;;;;
9219030301;NORDKAPER;EUBALAENA GLACIALIS;N. ATLANTIC RIGHT WHALE;;;;
9221;SELER;PINNIPEDIA;SEALS AND WALRUSES;;;;
922102;HVALROSSFAMILIEN;ODOBENIDAE;WALRUSES;;;;
9221020101;HVALROSS;ODOBENUS ROSMARUS;WALRUS;;;;
922103;SELFAMILIEN;PHOCIDAE;COMMON SEALS;;;;
9221030102;RINGSEL;PHOCA HISPIDA;RINGED SEAL;;;;
9221030102;SNADD;PHOCA HISPIDA;RINGED SEAL;;;;
9221030105;GRØNLANDSSEL;PHOCA GROENLANDICA;HARP SEAL;;;;
9221030107;FJORDSEL;PHOCA VITULINA;COMMON HARBOUR SEAL;;;;
9221030107;STEINKOBBE;PHOCA VITULINA;COMMON HARBOUR SEAL;;;;
9221030201;GRÅSEL;HALICHOERUS GRYPUS;GREY SEAL;;;;
9221030201;HAVERT;HALICHOERUS GRYPUS;GREY SEAL;;;;
9221030301;BLÅSEL;ERIGNATHUS BARBATUS;BEARDED SEAL;;;;
9221030301;STORKOBBE;ERIGNATHUS BARBATUS;BEARDED SEAL;;;;
9221030401;KLAPPMYSS;CYSTOPHORA CRISTATA;HOODED SEAL;;;;
99;UKJENT;INDETERMINATUS;UNIDENTIFIED;;;;E
9999;UKJENT;INDETERMINATUS;UNIDENTIFIED;;;;E
999999;UKJENT;INDETERMINATUS;UNIDENTIFIED;;;;E
99999999;UKJENT;INDETERMINATUS;UNIDENTIFIED;;;;E
9999999999;UKJENT;INDETERMINATUS;UNIDENTIFIED;;;;E
